Nume_Produs;Colectie;Sex;Intensitate;Timp;Categorie Olfactiva;Note de Baza;Note Medii;Note de Varf;Brand;Model;link;;
K5 Rune;Niche;Dama;Intens;Zi, Seara;Narcotic;Bezea, Floare de portocal, Neroli;Piper roz, Trandafir, Bergamota;Vanilie;Killian;Love dont' be shy;https://dpparfum.b-cdn.net/Niche%20Collection/Rune.jpg;;
M15 Upstarrus;Niche;Unisex;Intens;Zi, Seara;Floral, Lemnos;Cedru, Mosc, Vanilie;Tuberoza, Ylang-ylang;Floare de mandarin, Floare de portocal;Marfa;Memo Paris;https://dpparfum.b-cdn.net/Niche%20Collection/Upstarrus.jpg;;
M17 Moonlite;Niche;Unisex;Intens;Zi, Seara;Oriental;Ambra, Cedru, Agar, Rasina benzoica, Vanilie;Trandafir turcesc;Capsuni, Trandafir bulgaresc, Violeta;Kurkdjian;Oud Satin Mood;https://dpparfum.b-cdn.net/Niche%20Collection/Moonlite.jpg;;
M16 Richest Joy;Niche;Unisex;Intens;Zi, Seara;Aromatic;Imortela, Akigalawood;Lemn de cedru, Mosc, Osmanthus, Violeta, Absolut de vanilie;Mandarina, Sofran, Osmanthus;Marc Antoine Barrois;Ganymede ;https://dpparfum.b-cdn.net/Niche%20Collection/Richest%20Joy.jpg;;
X4 Sol d'Oro;Niche;Unisex;Intens;Zi, Seara;Picant;Tabac, Tonka, Vanilie;Iasomie, Kasmeran, Miere, Scortisoara;Bergamota, Lamaie, Lavanda;Xerjoff XJ 1861;Naxos;https://dpparfum.b-cdn.net/Niche%20Collection/Sol%20D'Oro.jpg;;
N8 Pompous;Niche;Unisex;Intens;Zi, Seara;Citric;Lichen de stejar, Note lemnoase, Absolut de vanilie;Cedru, Iasomie, Paciuli;Ananas, Bergamota, Grapefruit;Hacivat;Nishane;https://dpparfum.b-cdn.net/Niche%20Collection/Pompous.jpg;;
L1 Valor;Niche;Barbati;Intens;Zi, Seara;Citric, Lemnos;Ambroxan, Ceai negru, Lemn de guaiac, Oliban;Ghimbir, Neroli, Scortisoara;Bergamota calabriana, Lamaie;Louis Vuitton;Imagination;https://dpparfum.b-cdn.net/Niche%20Collection/Valor.jpg;;
E6 Midnight Reverie;Niche;Unisex;Intens;Zi, Seara;Ambrat, Lemnos;Akigalawood, Ambroxan, Mosc;Bergamota, Ghimbir, Mandarina, Para;Floare de portocal, Georgywood;Ex Nahilo;Blue Talisman;https://dpparfum.b-cdn.net/Niche%20Collection/Midnight%20Reverie.jpg;;
P18 Madame Blanche;Niche;Dama;Intens;Zi, Seara;Citric, Floral;Akigalawood, Mosc, Ambroxan, Vanilie;Floare de portocal, Lacramioara, Petalia, Vetiver, Lemn de mahon;Aldehide, Piersica, Bergamota, Mandarina;Parfums de Marly;Valaya;https://dpparfum.b-cdn.net/Niche%20Collection/Madame%20Blanche.jpg;;
P16 Private Collection ;Private;Dama;Intens;Zi, Seara;Citric;Oud;Trandafir;Mandarina;Penhaligon's;The Coveted Duchess Rose;https://dpparfum.b-cdn.net/Private%20Collection/Private%20Collection%20Bottle.jpg;;
P16 Private Collection ;Private;Dama;Intens;Zi, Seara;Citric;Oud;Trandafir;Mandarina;Penhaligon's;The Coveted Duchess Rose;https://dpparfum.b-cdn.net/Private%20Collection/Private%20Collection%20Bottle.jpg;;
I7 Private Collection;Private;Unisex;Intens;Zi, Seara;Lemnos;Mosc, Paciuli;Lemn de agar;Lavanda, Nucsoara, Sofran;Initio Parfum's Prive;Oud For Greatness;https://dpparfum.b-cdn.net/Private%20Collection/Private%20Collection%20Bottle.jpg;;
I7 Private Collection;Private;Unisex;Intens;Zi, Seara;Lemnos;Mosc, Paciuli;Lemn de agar;Lavanda, Nucsoara, Sofran;Initio Parfum's Prive;Oud For Greatness;https://dpparfum.b-cdn.net/Private%20Collection/Private%20Collection%20Bottle.jpg;;
P14 Private Collection;Private;Dama;Intens;Zi, Seara;Floral;Benzoin, Chihlimbar, Mosc alb, Vanilie madagascar;Extract de portocala amara, Floare de portocal, Iasomie, Sambac;Bergamota calabriana, Mandarina, Para;Paco Rabanne;Fame;https://dpparfum.b-cdn.net/Private%20Collection/Private%20Collection%20Bottle.jpg;;
P14 Private Collection;Private;Dama;Intens;Zi, Seara;Floral;Benzoin, Chihlimbar, Mosc alb, Vanilie madagascar;Extract de portocala amara, Floare de portocal, Iasomie sambac;Bergamota calabriana, Mandarina, Para;Paco Rabanne;Fame;https://dpparfum.b-cdn.net/Private%20Collection/Private%20Collection%20Bottle.jpg;;
P17 Private Collection;Private;Dama;Intens;Zi, Seara;Floral, Fructat;Lemn de santal, Vanilie;Iasomie, Tamaie;Bergamota, Mango;Prada;Paradox;https://dpparfum.b-cdn.net/Private%20Collection/Private%20Collection%20Bottle.jpg;;
P17 Private Collection;Private;Dama;Intens;Zi, Seara;Floral, Fructat;Lemn de santal, Vanilie;Iasomie, Tamaie;Bergamota, Mango;Prada;Paradox;https://dpparfum.b-cdn.net/Private%20Collection/Private%20Collection%20Bottle.jpg;;
D17 Private Collection;Private;Dama;Intens;Zi;Floral, Lemnos;Cedru, Lemn de santal, Mosc alb, Paciuli;Iasomie, Trandafir grasse;Bergamota, Mandarina;Dior;Joy;https://dpparfum.b-cdn.net/Private%20Collection/Private%20Collection%20Bottle.jpg;;
D17 Private Collection;Private;Dama;Intens;Zi;Floral, Lemnos;Cedru, Lemn de santal, Mosc alb, Paciuli;Iasomie, Trandafir grasse;Bergamota, Mandarina;Dior;Joy;https://dpparfum.b-cdn.net/Private%20Collection/Private%20Collection%20Bottle.jpg;;
B22 Private Collection;Private;Unisex;Intens;Zi;Floral;Tonuri lemnoase, Lemn de santal, Mosc;Floare de portocal, Violeta, Bujor;Piper roz, Aldehide;Byredo;Blanche;https://dpparfum.b-cdn.net/Private%20Collection/Private%20Collection%20Bottle.jpg;;
B22 Private Collection;Private;Unisex;Intens;Zi;Floral;Tonuri lemnoase, Lemn de santal, Mosc;Floare de portocal, Violeta, Bujor;Piper roz, Aldehide;Byredo;Blanche;https://dpparfum.b-cdn.net/Private%20Collection/Private%20Collection%20Bottle.jpg;;
J13 Private Collection;Private;Unisex;Intens;Zi, Seara;Condimentat;Boabe de tonka;Mimoza;Cardamom;Jo Malone;Mimosa&Cardamom;https://dpparfum.b-cdn.net/Private%20Collection/Private%20Collection%20Bottle.jpg;;
J13 Private Collection;Private;Unisex;Intens;Zi, Seara;Condimentat;Boabe de tonka;Mimoza;Cardamom;Jo Malone;Mimosa&Cardamom;https://dpparfum.b-cdn.net/Private%20Collection/Private%20Collection%20Bottle.jpg;;
J14 Private Collection;Private;Unisex;Intens;Zi, Seara;Aromatic;Fructe uscate, Lemn de guaiac, Mosc, Note minerale, Salvie, Sare de mare;Note acvatice;Ambrette, Bergamota;Jo Malone;Wood Sage&Sea Salt;https://dpparfum.b-cdn.net/Private%20Collection/Private%20Collection%20Bottle.jpg;;
J14 Private Collection;Private;Unisex;Intens;Zi, Seara;Aromatic;Fructe uscate, Lemn de guaiac, Mosc, Note minerale, Salvie;Note acvatice;Ambrette, Bergamota;Jo Malone;Wood Sage&Sea Salt;https://dpparfum.b-cdn.net/Private%20Collection/Private%20Collection%20Bottle.jpg;;
T6 Private Collection;Private;Unisex;Intens;Zi, Seara;Citric, Fructat;Heliotrop, Lemn de santal, Vanilie, Mosc, Paciuli;Crin de vale;Frunze de coacaze, Maracuia, Nisip, Para, Piersica;Tiziana Terenzi;Kirke;https://dpparfum.b-cdn.net/Private%20Collection/Private%20Collection%20Bottle.jpg;;
T6 Private Collection;Private;Unisex;Intens;Zi, Seara;Citric, Fructat;Heliotrop, Lemn de santal, Vanilie, Mosc, Paciuli;Crin de vale;Frunze de coacaze, Maracuia, Nisip, Para, Piersica;Tiziana Terenzi;Kirke;https://dpparfum.b-cdn.net/Private%20Collection/Private%20Collection%20Bottle.jpg;;
T15 Private Collection;Private;Unisex;Intens;Zi, Seara;Floral;Mesteacan, Mosc, Oud;Ambra, Ozon, Trandafir, Violeta;Ananas, Mandarina, Bergamota, Portocala;Tiziana Terenzi;Gumin;https://dpparfum.b-cdn.net/Private%20Collection/Private%20Collection%20Bottle.jpg;;
T15 Private Collection;Private;Unisex;Intens;Zi, Seara;Floral;Mesteacan, Mosc, Oud;Ambra, Ozon, Trandafir, Violeta;Ananas, Mandarina, Bergamota, Portocala;Tiziana Terenzi;Gumin;https://dpparfum.b-cdn.net/Private%20Collection/Private%20Collection%20Bottle.jpg;;
X2 Private Collection;Private;Unisex;Intens;Zi, Seara;Oriental;Lemn de agar, Note florale;Note fructate, Tamaie;Labdanum, Note orientale;Xerjoff;More Than Words;https://dpparfum.b-cdn.net/Private%20Collection/Private%20Collection%20Bottle.jpg;;
X2 Private Collection;Private;Unisex;Intens;Zi, Seara;Oriental;Lemn de agar, Note florale;Note fructate, Tamaie;Labdanum, Note orientale;Xerjoff;More Than Words;https://dpparfum.b-cdn.net/Private%20Collection/Private%20Collection%20Bottle.jpg;;
E1 Private Collection;Private;Dama;Intens;Zi, Seara;Floral, Lemnos;Chihlimbar, Mosc, Tonuri lemnoase, Paciuli;Caprifoi, Crin, Iasomie, Tuberoza;Mandarina;Estee Lauder;Modern Muse ;https://dpparfum.b-cdn.net/Private%20Collection/Private%20Collection%20Bottle.jpg;;
E1 Private Collection;Private;Dama;Intens;Zi, Seara;Floral, Lemnos;Chihlimbar, Mosc, Tonuri lemnoase, Paciuli;Caprifoi, Crin, Iasomie, Tuberoza;Mandarina;Estee Lauder;Modern Muse ;https://dpparfum.b-cdn.net/Private%20Collection/Private%20Collection%20Bottle.jpg;;
P13 Private Collection;Private;Dama;Intens;Zi, Seara;Floral;Bergamota, Litchi, Nucsoara, Rubarba;Bujor, Mosc, Petalia, Trandafir turcesc, Vanilie;Cedru, Kasmeran, Tamaie, Vetiver haitian;Parfums de Marly;Delina;https://dpparfum.b-cdn.net/Private%20Collection/Private%20Collection%20Bottle.jpg;;
P13 Private Collection;Private;Dama;Intens;Zi, Seara;Floral;Bergamota, Litchi, Nucsoara, Rubarba;Bujor, Mosc, Petalia, Trandafir turcesc, Vanilie;Cedru, Kasmeran, Tamaie, Vetiver haitian;Parfums de Marly;Delina;https://dpparfum.b-cdn.net/Private%20Collection/Private%20Collection%20Bottle.jpg;;
C21 Private Collection;Private;Barbati;Intens;Zi, Seara;Lemnos;Agar, Chihlimbar, Tonuri lemnoase;Condimente, Piele, Tabac;Citrice, Lavanda, Pelin;Chopard;Oud Malaki;https://dpparfum.b-cdn.net/Private%20Collection/Private%20Collection%20Bottle.jpg;;
C21 Private Collection;Private;Barbati;Intens;Zi, Seara;Lemnos;Agar, Chihlimbar, Tonuri lemnoase;Condimente, Piele, Tabac;Citrice, Lavanda, Pelin;Chopard;Oud Malaki;https://dpparfum.b-cdn.net/Private%20Collection/Private%20Collection%20Bottle.jpg;;
M11 Private Collection;Private;Unisex;Intens;Zi, Seara;Lemnos;Tabac, Chihlimbar, Lemn de guaiac, Lemn de santal, Vetiver haitian, Vanilie madagascar, Mosc alb;Paciuli, Iasomie;Sofran, Scortisoara, Tamaie, Nucsoara, Para, Mar verde, Agar;Mancera;Red Tobacco;https://dpparfum.b-cdn.net/Private%20Collection/Private%20Collection%20Bottle.jpg;;
M11 Private Collection;Private;Unisex;Intens;Zi, Seara;Lemnos;Tabac, Chihlimbar, Lemn de guaiac, Lemn de santal, Vetiver haitian, Vanilie madagascar, Mosc alb;Paciuli, Iasomie;Sofran, Scortisoara, Tamaie, Nucsoara, Para, Mar verde, Agar;Mancera;Red Tobacco;https://dpparfum.b-cdn.net/Private%20Collection/Private%20Collection%20Bottle.jpg;;
T16 Private Collection;Private;Unisex;Intens;Zi, Seara;Piele;Lavanda, Nucsoara;Migdale amare, Piele, Stanjenel, Vanilie;Esenta de chihlimbar, Kasmeran, Piele, Tonka;Tom Ford;Fucking Fabulous;https://dpparfum.b-cdn.net/Private%20Collection/Private%20Collection%20Bottle.jpg;;
T16 Private Collection;Private;Unisex;Intens;Zi, Seara;Piele;Lavanda, Nucsoara;Migdale amare, Piele, Stanjenel, Vanilie;Esenta de chihlimbar, Kasmeran, Piele, Tonka;Tom Ford;Fucking Fabulous;https://dpparfum.b-cdn.net/Private%20Collection/Private%20Collection%20Bottle.jpg;;
C18 Private Collection;Private;Barbati;Intens;Zi, Seara;Citric, Fructat;Chihlimbar, Mosc, Muschi, Vanilie;Iasomie, Mesteacan, Paciuli, Trandafir;Ananas, Bergamota, Coacaze negre, Mar;Creed;Aventus for men;https://dpparfum.b-cdn.net/Private%20Collection/Private%20Collection%20Bottle.jpg;;
C18 Private Collection;Private;Barbati;Intens;Zi, Seara;Citric, Fructat;Chihlimbar, Mosc, Muschi, Vanilie;Iasomie, Mesteacan, Paciuli, Trandafir;Ananas, Bergamota, Coacaze negre, Mar;Creed;Aventus for men;https://dpparfum.b-cdn.net/Private%20Collection/Private%20Collection%20Bottle.jpg;;
C36 Private Collection;Private;Dama;Intens;Zi, Seara;Fructat, Oriental;Bergamota, Lamaie, Mar verde, Paciuli, Piper roz, Violeta;Lemn de santal, Mosc, Styrax, Trandafir;Chihlimbar, Coacaze negre, Liliac, Piersica, Ylang-ylang;Creed;Aventus for men;https://dpparfum.b-cdn.net/Private%20Collection/Private%20Collection%20Bottle.jpg;;
C36 Private Collection;Private;Dama;Intens;Zi, Seara;Fructat, Oriental;Bergamota, Lamaie, Mar verde, Paciuli, Piper roz, Violeta;Lemn de santal, Mosc, Styrax, Trandafir;Chihlimbar, Coacaze negre, Liliac, Piersica, Ylang-ylang;Creed;Aventus  ;https://dpparfum.b-cdn.net/Private%20Collection/Private%20Collection%20Bottle.jpg;;
Z32 Private Collection;Private;Unisex;Intens;Zi, Seara;Aromatic;Lemn de agar, Tamaie;Floare de tabac, Note lemnoase, Rasina;Canabis, Note verzi;Nasomato;Black Afgano;https://dpparfum.b-cdn.net/Private%20Collection/Private%20Collection%20Bottle.jpg;;
Z32 Private Collection;Private;Unisex;Intens;Zi, Seara;Aromatic;Lemn de agar, Tamaie;Floare de tabac, Note lemnoase, Rasina;Canabis, Note verzi;Nasomato;Black Afgano;https://dpparfum.b-cdn.net/Private%20Collection/Private%20Collection%20Bottle.jpg;;
K6 Private Collection;Private;Dama;Intens;Zi, Seara;Fructat, Floral;Ambra, Cedru;Narcisa, Tuberoza indiana;Floare de portocal, Osmanthus, Trandafir, Tuberoza;Killian;Good girl gone bad;https://dpparfum.b-cdn.net/Private%20Collection/Private%20Collection%20Bottle.jpg;;
K6 Private Collection;Private;Dama;Intens;Zi, Seara;Fructat, Floral;Ambra, Cedru;Narcisa, Tuberoza indiana;Floare de portocal, Osmanthus, Trandafir, Tuberoza;Killian;Good girl gone bad;https://dpparfum.b-cdn.net/Private%20Collection/Private%20Collection%20Bottle.jpg;;
Z28 Private Collection;Private;Barbati;Intens;Zi, Seara;Floral, Lemnos;Cedru, Lemn de santal, Paciuli, Vetiver;Iasomie, Neroli, Ylang-ylang;Piper roz, Rozmarin;Amouage;Reflection Man;https://dpparfum.b-cdn.net/Private%20Collection/Private%20Collection%20Bottle.jpg;;
Z28 Private Collection;Private;Barbati;Intens;Zi, Seara;Floral, Lemnos;Cedru, Lemn de santal, Paciuli, Vetiver;Iasomie, Neroli, Ylang-ylang;Piper roz, Rozmarin;Amouage;Reflection Man;https://dpparfum.b-cdn.net/Private%20Collection/Private%20Collection%20Bottle.jpg;;
S1 Private Collection;Private;Unisex;Intens;Zi, Seara;Oriental;Ambra, Mosc, Vanilie;Lemn dulce;Bergamota, Lamaie, Portocala;Sospiro;Erba Pura;https://dpparfum.b-cdn.net/Private%20Collection/Private%20Collection%20Bottle.jpg;;
S1 Private Collection;Private;Unisex;Intens;Zi, Seara;Oriental;Ambra, Mosc, Vanilie;Lemn dulce;Bergamota, Lamaie, Portocala;Sospiro;Erba Pura;https://dpparfum.b-cdn.net/Private%20Collection/Private%20Collection%20Bottle.jpg;;
Z31 Private Collection;Private;Unisex;Intens;Zi;Fructat;Mosc, Muschi, Note lemnoase;Floare de portocal, Iasomie;Bergamota, Litchi, Piersica;Ex Nahilo;Fleur Narcotique;https://dpparfum.b-cdn.net/Private%20Collection/Private%20Collection%20Bottle.jpg;;
Z31 Private Collection;Private;Unisex;Intens;Zi;Fructat;Mosc, Muschi, Note lemnoase;Floare de portocal, Iasomie;Bergamota, Litchi, Piersica;Ex Nahilo;Fleur Narcotique;https://dpparfum.b-cdn.net/Private%20Collection/Private%20Collection%20Bottle.jpg;;
M5 Private Collection;Private;Unisex;Intens;Zi, Seara;Fructat, Lemnos;Lemn de cedru, Muschi de stejar;Lavanda, Salvie, Sofran;Lamaie, Portocala rosie;Maison Francis Kurkdijan;Baccarat Rouge 540;https://dpparfum.b-cdn.net/Private%20Collection/Private%20Collection%20Bottle.jpg;;
M5 Private Collection;Private;Unisex;Intens;Zi, Seara;Fructat, Lemnos;Lemn de cedru, Muschi de stejar;Lavanda, Salvie, Sofran;Lamaie, Portocala rosie;Maison Francis Kurkdijan;Baccarat Rouge 540;https://dpparfum.b-cdn.net/Private%20Collection/Private%20Collection%20Bottle.jpg;;
F5 Arabian Collection;Arabian;Dama;Intens;Zi, Seara;Floral;Lemn de santal, Paciuli, Tamaie de boswellia;Coacaze negre, Cuisoare, Zmeura;Trandafir;Frederic Malle;Potrait of lady;https://dpparfum.b-cdn.net/Arabian%20Collection/Arabian%20Collection%20Bottle.jpg;;
M12 Arabian Collection;Arabian;Dama;Intens;Zi, Seara;Oriental;Cedru, Mosc alb, Vanilie;Rahat, Trandafir;Lamaie din calabria;Mancera;Roses Vanille;https://dpparfum.b-cdn.net/Arabian%20Collection/Arabian%20Collection%20Bottle.jpg;;
M13 Arabian Collection;Arabian;Unisex;Intens;Zi, Seara;Oriental;Chihlimbar, Mosc alb, Vanilie;Trandafir;Note florale;Montale;Montale Café;https://dpparfum.b-cdn.net/Arabian%20Collection/Arabian%20Collection%20Bottle.jpg;;
M14 Arabian Collection;Arabian;Unisex;Intens;Zi, Seara;Oriental;Ambra, Boabe de tonka, Mosc alb, Trestie de zahar;Lemn de agar, Trandafir bulgaresc;Bergamota, Sofran;Montale;Arabian Tonka;https://dpparfum.b-cdn.net/Arabian%20Collection/Arabian%20Collection%20Bottle.jpg;;
T19 Arabian Collection;Arabian;Unisex;Intens;Zi, Seara;Oriental;Boabe de tonka, Casmeran, Lemn de abanos, Nuca de cocos, Ambra, Vanilie, Zahar;Lacramioara, Heliotrop, Trandafir de damasc;Bergamota, Iarba, Ylang-ylang, Frunze de violeta;Tiziana Terenzi;Andromeda;https://dpparfum.b-cdn.net/Arabian%20Collection/Arabian%20Collection%20Bottle.jpg;;
Z13 Arabian Collection;Arabian;Unisex;Intens;Zi, Seara;Oriental;Ambra, Mosc, Oud;Lemn de casmir;Afine;Productie proprie;;https://dpparfum.b-cdn.net/Arabian%20Collection/Arabian%20Collection%20Bottle.jpg;;
Z17 Arabian Collection;Arabian;Unisex;Intens;Zi, Seara;Oriental;Note lemnoase;Vanilie;Note picante;Productie proprie;;https://dpparfum.b-cdn.net/Arabian%20Collection/Arabian%20Collection%20Bottle.jpg;;
A19;Classic;Barbati;Intens;Zi, Seara;Picant;Amberwood, Tonka, Vetiver haitian;Cardamom, Geranium, Ienupar, Mar;Ghimbir, Lamaie, Lavanda, Menta;Azzaro;Wanted;https://dpparfum.b-cdn.net/Classic%20Collection/Classic_Brown.jpg;;
A19;Classic;Barbati;Intens;Zi, Seara;Picant;Amberwood, Tonka, Vetiver haitian;Cardamom, Geranium, Ienupar, Mar;Ghimbir, Lamaie, Lavanda, Menta;Azzaro;Wanted;https://dpparfum.b-cdn.net/Classic%20Collection/Classic_Brown.jpg;;
A20;Classic;Barbati;Intens;Zi, Seara;Lemnos;Labdanum, Paciuli, Tonka, Tonuri lemnoase;Geranium, Lavanda, Rozmarin;Bergamota, Grapefruit, Mar, Tonuri marine;Armani;Aqua Di gio Absolu;https://dpparfum.b-cdn.net/Classic%20Collection/Classic_Green.jpg;;
A20;Classic;Barbati;Intens;Zi, Seara;Lemnos;Labdanum, Paciuli, Tonka, Tonuri lemnoase;Geranium, Lavanda, Rozmarin;Bergamota, Grapefruit, Mar, Tonuri marine;Armani;Aqua Di gio Absolu;https://dpparfum.b-cdn.net/Classic%20Collection/Classic_Green.jpg;;
D7;Classic;Barbati;Intens;Seara, Zi;Picant;Cedru, Nagarmotha, Paciuli, Vetiver;Geranium, Lavanda, Nectar de smochin, Salvie, Spumant citrice;Cardamom, Ienupar, Portocala rosie, Spumant citrice;D&G;K;https://dpparfum.b-cdn.net/Classic%20Collection/Classic_Brown.jpg;;
D7;Classic;Barbati;Intens;Seara, Zi;Picant;Cedru, Nagarmotha, Paciuli, Vetiver;Geranium, Lavanda, Nectar de smochin, Salvie, Spumant citrice;Cardamom, Ienupar, Portocala rosie, Spumant citrice;D&G;K;https://dpparfum.b-cdn.net/Classic%20Collection/Classic_Brown.jpg;;
P6;Classic;Barbati;Intens;Zi, Seara;Lemnos;Muschi de stejar, Paciuli, Vetiver;Aluna, Casmir, Iasomie, Lemn de cedru, Miere;Grapefruit, Ozon, Pruna;Paco Rabanne;One Million Lucky;https://dpparfum.b-cdn.net/Classic%20Collection/Classic_Green.jpg;;
P6;Classic;Barbati;Intens;Zi, Seara;Lemnos;Muschi de stejar, Paciuli, Vetiver;Aluna, Casmir, Iasomie, Lemn de cedru, Miere;Grapefruit, Ozon, Pruna;Paco Rabanne;One Million Lucky;https://dpparfum.b-cdn.net/Classic%20Collection/Classic_Green.jpg;;
C21 ;Classic;Dama;Moderat;Zi;Floral;Ambra lichida, Lemn de mahon, Mosc alb, Violeta neagra;Lotus, Orhidee;Note verzi, Rodie;Calvin Klein;Euphoria;https://dpparfum.b-cdn.net/Classic%20Collection/Classic_Teal.jpg;;
C21 ;Classic;Dama;Moderat;Zi;Floral;Ambra lichida, Lemn de mahon, Mosc alb, Violeta neagra;Lotus, Orhidee;Note verzi, Rodie;Calvin Klein;Euphoria;https://dpparfum.b-cdn.net/Classic%20Collection/Classic_Teal.jpg;;
B15;Classic;Dama;Intens;Zi, Seara;Lemnos;Chihlimbar, Mosc, Tonuri lemnoase;Iasomie, Violeta;Coacaze negre, Mure, Zmeura;Burberry;Her;https://dpparfum.b-cdn.net/Classic%20Collection/Classic_Green.jpg;;
B15;Classic;Dama;Intens;Zi, Seara;Lemnos;Chihlimbar, Mosc, Tonuri lemnoase;Iasomie, Violeta;Coacaze negre, Mure, Zmeura;Burberry;Her;https://dpparfum.b-cdn.net/Classic%20Collection/Classic_Green.jpg;;
B24;Classic;Dama;Intens;Zi, Seara;Vanilat;Absolut de vanilie;Lavanda, Vanilie;Vanilla caviar;Burberry;Goddess;https://dpparfum.b-cdn.net/Classic%20Collection/Classic_Coral.jpg;;
B24;Classic;Dama;Intens;Zi, Seara;Vanilat;Absolut de vanilie;Lavanda, Vanilie;Vanilla caviar;Burberry;Goddess;https://dpparfum.b-cdn.net/Classic%20Collection/Classic_Coral.jpg;;
C29;Classic;Dama;Intens;Zi, Seara;Citric;Muschi de stejar;Frezie;Corcoduse;Chloe;Nomade;https://dpparfum.b-cdn.net/Classic%20Collection/Classic_Orange.jpg;;
C29;Classic;Dama;Intens;Zi, Seara;Citric;Muschi de stejar;Frezie;Corcoduse;Chloe;Nomade;https://dpparfum.b-cdn.net/Classic%20Collection/Classic_Orange.jpg;;
B16;Classic;Barbati;Intens;Zi, Seara;Lemnos;Lemn de cedru;Benzoin, Ienupar, Piper negru, Tamaie;Ace Pin;Burberry;Hero;https://dpparfum.b-cdn.net/Classic%20Collection/Classic_Green.jpg;;
B16;Classic;Barbati;Intens;Zi, Seara;Lemnos;Lemn de cedru;Benzoin, Ienupar, Piper negru, Tamaie;Ace Pin;Burberry;Hero;https://dpparfum.b-cdn.net/Classic%20Collection/Classic_Green.jpg;;
J8;Classic;Barbati;Intens;Zi, Seara;Picant;Vetiver;Caramel;Nucsoara, Salvie;Jean Paul Gaultier;Scandal;https://dpparfum.b-cdn.net/Classic%20Collection/Classic_Brown.jpg;;
J8;Classic;Barbati;Intens;Zi, Seara;Picant;Vetiver;Caramel;Nucsoara, Salvie;Jean Paul Gaultier;Scandal;https://dpparfum.b-cdn.net/Classic%20Collection/Classic_Brown.jpg;;
V5;Classic;Barbati;Intens;Zi, Seara;Aromatic;Mosc, Sofran, Tamaie, Tonka;Ambroxan, Frunze de violeta, Papyrus, Paciuli, Piper negru;Bergamota calabriana, Frunze de smochin, Grapefruit, Tonuri acvatice;Versace;Dylan Blue pour homme;https://dpparfum.b-cdn.net/Classic%20Collection/Classic_Orange.jpg;;
V5;Classic;Barbati;Intens;Zi, Seara;Aromatic;Mosc, Sofran, Tamaie, Tonka;Ambroxan, Frunze de violeta, Papyrus, Paciuli, Piper negru;Bergamota calabriana, Frunze de smochin, Grapefruit, Tonuri acvatice;Versace;Dylan Blue pour homme;https://dpparfum.b-cdn.net/Classic%20Collection/Classic_Orange.jpg;;
A26;Classic;Dama;Intens;Zi, Seara;Floral;Amberwood, Mosc, Vanilie;Trandafir;Extract de portocala amara, Lamaie, Zmeura;Armani;Because of you;https://dpparfum.b-cdn.net/Classic%20Collection/Classic_Teal.jpg;;
A26;Classic;Dama;Intens;Zi, Seara;Floral;Amberwood, Mosc, Vanilie;Trandafir;Extract de portocala amara, Lamaie, Zmeura;Armani;Because of you;https://dpparfum.b-cdn.net/Classic%20Collection/Classic_Teal.jpg;;
A17;Classic;Dama;Moderat;Zi;Fructat;Ambra, Boabe de tonka, Cedru, Mosc, Vanilie;Caisa, Crin, Iasomie, Lacramioara, Trandafir;Bergamota, Coacaze negre, Grapefruit, Mandarina, Portocala;Cacharel;Amor Amor;https://dpparfum.b-cdn.net/Classic%20Collection/Classic_Purple.jpg;;
A17;Classic;Dama;Moderat;Zi;Fructat;Ambra, Boabe de tonka, Cedru, Mosc, Vanilie;Caisa, Crin, Iasomie, Lacramioara, Trandafir;Bergamota, Coacaze negre, Grapefruit, Mandarina, Portocala;Cacharel;Amor Amor;https://dpparfum.b-cdn.net/Classic%20Collection/Classic_Purple.jpg;;
F1;Classic;Barbati;Intens;Seara;Floral;Ambra, Boabe de tonka, Mosc, Paciuli, Pielarie, Vetiver;Caprifoi, Cedru, Frunze de violeta, Garoafa, Lacramioara, Lemn de santal, Nucsoara;Bergamota, Cedru, Lamaie, Lavanda, Mandarina, Musetel, Nucsoara, Paducel;Dior;Farenheit;https://dpparfum.b-cdn.net/Classic%20Collection/Classic_Teal.jpg;;
F1;Classic;Barbati;Intens;Seara;Floral;Ambra, Boabe de tonka, Mosc, Paciuli, Pielarie, Vetiver;Caprifoi, Cedru, Frunze de violeta, Garoafa, Lacramioara, Lemn de santal, Nucsoara;Bergamota, Cedru, Lamaie, Lavanda, Mandarina, Musetel, Nucsoara, Paducel;Dior;Farenheit;https://dpparfum.b-cdn.net/Classic%20Collection/Classic_Teal.jpg;;
P4;Classic;Barbati;Moderat;Zi;Aromatic;Labdanum, Lemn de santal, Paciuli, Tamaie;Cedru, Ghimbir, Iasomie, Vetiver;Grapefruit, Lamaie, Menta, Nucsoara, Piper, Piper roz, Portocala;Chanel;Blue de Chanel;https://dpparfum.b-cdn.net/Classic%20Collection/Classic_Orange.jpg;;
P4;Classic;Barbati;Moderat;Zi;Aromatic;Labdanum, Lemn de santal, Paciuli, Tamaie;Cedru, Ghimbir, Iasomie, Vetiver;Grapefruit, Lamaie, Menta, Nucsoara, Piper, Piper roz, Portocala;Chanel;Blue de Chanel;https://dpparfum.b-cdn.net/Classic%20Collection/Classic_Orange.jpg;;
J3;Classic;Barbati;Intens;Seara;Fougere;Boabe de tonka, Lemn de santal, Paciuli, Vanilie;Cardamom, Heliotrop, Iasomie, Lacramioara, Scortisoara;Bergamota, Floare de portocal, Lamaie, Mandarina;Joop;Joop;https://dpparfum.b-cdn.net/Classic%20Collection/Classic_Green.jpg;;
J3;Classic;Barbati;Intens;Seara;Fougere;Boabe de tonka, Lemn de santal, Paciuli, Vanilie;Cardamom, Heliotrop, Iasomie, Lacramioara, Scortisoara;Bergamota, Floare de portocal, Lamaie, Mandarina;Joop;Joop;https://dpparfum.b-cdn.net/Classic%20Collection/Classic_Green.jpg;;
H1;Classic;Barbati;Moderat;Zi;Fougere;Brad, Cedru, Paciuli;Garoafa, Iasomie, Muscata, Salvie;Busuioc, Grapefruit, Lavanda, Mar verde, Menta;Hugo Boss;Hugo;https://dpparfum.b-cdn.net/Classic%20Collection/Classic_Green.jpg;;
H1;Classic;Barbati;Moderat;Zi;Fougere;Brad, Cedru, Paciuli;Garoafa, Iasomie, Muscata, Salvie;Busuioc, Grapefruit, Lavanda, Mar verde, Menta;Hugo Boss;Hugo;https://dpparfum.b-cdn.net/Classic%20Collection/Classic_Green.jpg;;
C23;Classic;Dama;Moderat;Zi;Floral;Mosc, Paciuli, Vanilie, Vetiver;Iasomie, Lamaie, Trandafir;Iris, Paciuli, Piper roz;Chanel;Chance;https://dpparfum.b-cdn.net/Classic%20Collection/Classic_Teal.jpg;;
C23;Classic;Dama;Moderat;Zi;Floral;Mosc, Paciuli, Vanilie, Vetiver;Iasomie, Lamaie, Trandafir;Iris, Paciuli, Piper roz;Chanel;Chance;https://dpparfum.b-cdn.net/Classic%20Collection/Classic_Teal.jpg;;
A13;Classic;Barbati;Intens;Zi;Lemnos;Lignum vitae, Pielarie, Tabac;Anason, Flori de maslin;Bergamota, Lamaie;Armani;Black Code;https://dpparfum.b-cdn.net/Classic%20Collection/Classic_Green.jpg;;
A13;Classic;Barbati;Intens;Zi;Lemnos;Lignum vitae, Pielarie, Tabac;Anason, Flori de maslin;Bergamota, Lamaie;Armani;Black Code;https://dpparfum.b-cdn.net/Classic%20Collection/Classic_Green.jpg;;
H9;Classic;Barbati;Intens;Seara;Condimentat;Cedru, Paciuli, Rasina benzoica, Vetiver;Muscata, Piper;Grapefruit, Portocala;Hermes;Terre d'Hermes;https://dpparfum.b-cdn.net/Classic%20Collection/Classic_Coral.jpg;;
H9;Classic;Barbati;Intens;Seara;Condimentat;Cedru, Paciuli, Rasina benzoica, Vetiver;Muscata, Piper;Grapefruit, Portocala;Hermes;Terre d'Hermes;https://dpparfum.b-cdn.net/Classic%20Collection/Classic_Coral.jpg;;
D3;Classic;Barbati;Intens;Seara;Lemnos;Cedru, Paciuli, Pielarie, Vetiver;Ambra, Cacao, Iris;Bergamota, Lavanda;Dior;Dior Homme Intense;https://dpparfum.b-cdn.net/Classic%20Collection/Classic_Green.jpg;;
D3;Classic;Barbati;Intens;Seara;Lemnos;Cedru, Paciuli, Pielarie, Vetiver;Ambra, Cacao, Iris;Bergamota, Lavanda;Dior;Dior Homme Intense;https://dpparfum.b-cdn.net/Classic%20Collection/Classic_Green.jpg;;
J2;Classic;Barbati;Moderat;Zi;Fougere;Ambra, Boabe de tonka, Cedru, Lemn de santal, Vanilie;Chimion, Floare de portocal, Scortisoara;Bergamota, Cardamom, Lavanda, Menta, Pelin;Jean Paul Gaultier;Le Male;https://dpparfum.b-cdn.net/Classic%20Collection/Classic_Green.jpg;;
J2;Classic;Barbati;Moderat;Zi;Fougere;Ambra, Boabe de tonka, Cedru, Lemn de santal, Vanilie;Chimion, Floare de portocal, Scortisoara;Bergamota, Cardamom, Lavanda, Menta, Pelin;Jean Paul Gaultier;Le Male;https://dpparfum.b-cdn.net/Classic%20Collection/Classic_Green.jpg;;
A4;Classic;Dama;Intens;Seara;Vanilat;Boabe de tonka, Lemn de santal, Paciuli, Pralina, Vanilie;Chimion, Nucsoara;Ananas, Bergamota, Fructe rosii;Thierry Mugler;Angel;https://dpparfum.b-cdn.net/Classic%20Collection/Classic_Coral.jpg;;
A4;Classic;Dama;Intens;Seara;Vanilat;Boabe de tonka, Lemn de santal, Paciuli, Pralina, Vanilie;Chimion, Nucsoara;Ananas, Bergamota, Fructe rosii;Thierry Mugler;Angel;https://dpparfum.b-cdn.net/Classic%20Collection/Classic_Coral.jpg;;
D4;Classic;Barbati;Intens;Zi, Seara;Aromatic;Ambra, Lichen de stejar, Mosc, Vetiver;Coriandru, Garoafa, Iasomie, Lemn de santal, Paciuli, Radacina de stanjenel, Trandafir;Bergamota, Busuioc, Chimion, Lamaie, Note fructate, Rozmarin;Dior;Sauvage;https://dpparfum.b-cdn.net/Classic%20Collection/Classic_Orange.jpg;;
D4;Classic;Barbati;Intens;Zi, Seara;Aromatic;Ambra, Lichen de stejar, Mosc, Vetiver;Coriandru, Garoafa, Iasomie, Lemn de santal, Paciuli, Radacina de stanjenel, Trandafir;Bergamota, Busuioc, Chimion, Lamaie, Note fructate, Rozmarin;Dior;Sauvage;https://dpparfum.b-cdn.net/Classic%20Collection/Classic_Orange.jpg;;
C17;Classic;Barbati;Moderat;Zi, Seara;Condimentat;Ambra, Boabe de tonka, Mosc alb, Vanilie, Vetiver;Cedru, Neroli, Piper;Mandarina, Note acvatice, Note aldehidice, Portocala;Chanel;Alure sport;https://dpparfum.b-cdn.net/Classic%20Collection/Classic_Coral.jpg;;
C17;Classic;Barbati;Moderat;Zi, Seara;Condimentat;Ambra, Boabe de tonka, Mosc alb, Vanilie, Vetiver;Cedru, Neroli, Piper;Mandarina, Note acvatice, Note aldehidice, Portocala;Chanel;Alure sport;https://dpparfum.b-cdn.net/Classic%20Collection/Classic_Coral.jpg;;
A2;Classic;Barbati;Intens;Zi, Seara;Oceanic;Ambra, Cedru, Lichen de stejar, Mosc, Paciuli;Coriandru, Frezie, Iasomie, Note marine, Nucsoara, Piersica, Rozmarin, Trandafir, Violeta, Zambila;Bergamota, Iasomie, Lamaie, Limeta, Mandarina, Neroli, Portocala;Armani;Aqua di Gio ;https://dpparfum.b-cdn.net/Classic%20Collection/Classic_Navy.jpg;;
A2;Classic;Barbati;Intens;Zi, Seara;Oceanic;Ambra, Cedru, Lichen de stejar, Mosc, Paciuli;Coriandru, Frezie, Iasomie, Note marine, Nucsoara, Piersica, Rozmarin, Trandafir, Violeta, Zambila;Bergamota, Iasomie, Lamaie, Limeta, Mandarina, Neroli, Portocala;Armani;Aqua di Gio ;https://dpparfum.b-cdn.net/Classic%20Collection/Classic_Navy.jpg;;
A12;Classic;Dama;Intens;Seara;Oriental;Ambra alba;Note lemnoase;Iasomie arabica;Thierry Mugler;Alien;https://dpparfum.b-cdn.net/Classic%20Collection/Classic_Teal.jpg;;
A12;Classic;Dama;Intens;Seara;Oriental;Ambra alba;Note lemnoase;Iasomie arabica;Thierry Mugler;Alien;https://dpparfum.b-cdn.net/Classic%20Collection/Classic_Teal.jpg;;
D4;Classic;Dama;Intens;Seara, Zi;Citric;Mosc alb;Bujor, Trandafir de damasc;Bergamota calabriana;Dior;Blooming Bouquet;https://dpparfum.b-cdn.net/Classic%20Collection/Classic_Orange.jpg;;
D4;Classic;Dama;Intens;Seara, Zi;Citric;Mosc alb;Bujor, Trandafir de damasc;Bergamota calabriana;Dior;Blooming Bouquet;https://dpparfum.b-cdn.net/Classic%20Collection/Classic_Orange.jpg;;
G2;Classic;Dama;Intens;Zi;Oriental;Caramel, Iris, Rasina benzoica, Vanilie tahitiana, Violeta;Floare de portocal, Iasomie sambac, Ylang-ylang;Aroma de mandarine si portocale, Bergamota, Lavanda;Guerlain;Mon Guerlain;https://dpparfum.b-cdn.net/Classic%20Collection/Classic_Teal.jpg;;
G2;Classic;Dama;Intens;Zi;Oriental;Caramel, Iris, Rasina benzoica, Vanilie tahitiana, Violeta;Floare de portocal, Iasomie sambac, Ylang-ylang;Aroma de mandarine si portocale, Bergamota, Lavanda;Guerlain;Mon Guerlain;https://dpparfum.b-cdn.net/Classic%20Collection/Classic_Teal.jpg;;
G3;Classic;Dama;Intens;Zi;Floral;Caprifoi chinezesc;Tuberoza;Iasomie;Gucci;Gucci Bloom;https://dpparfum.b-cdn.net/Classic%20Collection/Classic_Teal.jpg;;
G3;Classic;Dama;Intens;Zi;Floral;Caprifoi chinezesc;Tuberoza;Iasomie;Gucci;Gucci Bloom;https://dpparfum.b-cdn.net/Classic%20Collection/Classic_Teal.jpg;;
G4;Classic;Dama;Intens;Zi, Seara;Floral;Paciuli, Vetiver;Floare de portocal, Iasomie, Tuberoza;Ghimbir;Givenchy;L'interdit;https://dpparfum.b-cdn.net/Classic%20Collection/Classic_Teal.jpg;;
G4;Classic;Dama;Intens;Zi, Seara;Floral;Paciuli, Vetiver;Floare de portocal, Iasomie, Tuberoza;Ghimbir;Givenchy;L'interdit;https://dpparfum.b-cdn.net/Classic%20Collection/Classic_Teal.jpg;;
P14;Classic;Barbati;Intens;Zi, Seara;Lemnos;Vetiver;Vanilie madagascar, Lamaie Italiana;Lavanda;Paco Rabanne;Phantom;https://dpparfum.b-cdn.net/Classic%20Collection/Classic_Green.jpg;;
P14;Classic;Barbati;Intens;Zi, Seara;Lemnos;Vetiver;Vanilie madagascar, Lamaie Italiana;Lavanda;Paco Rabanne;Phantom;https://dpparfum.b-cdn.net/Classic%20Collection/Classic_Green.jpg;;
T17;Classic;Unisex;Intens;Zi, Seara;Piele;Ambra, Muschi, Paciuli;Iasomie, Pielarie, Sambac;Cardamom;Tom Ford;Ombre Leather;https://dpparfum.b-cdn.net/Classic%20Collection/Classic_Brown.jpg;;
T17;Classic;Unisex;Intens;Zi, Seara;Piele;Ambra, Muschi, Paciuli;Iasomie, Pielarie, Sambac;Cardamom;Tom Ford;Ombre Leather;https://dpparfum.b-cdn.net/Classic%20Collection/Classic_Brown.jpg;;
A24;Classic;Dama;Intens;Zi, Seara;Floral;Mosc alb, Vanilie madagascar, Cedru;Iasmina de india, Tuberoza;Bergamota calabriana, Floare de portocal african;Armani;My Way;https://dpparfum.b-cdn.net/Classic%20Collection/Classic_Teal.jpg;;
A24;Classic;Dama;Intens;Zi, Seara;Floral;Mosc alb, Vanilie madagascar, Cedru;Iasmina de india, Tuberoza;Bergamota calabriana, Floare de portocal african;Armani;My Way;https://dpparfum.b-cdn.net/Classic%20Collection/Classic_Teal.jpg;;
Y5;Classic;Dama;Intens;Zi, Seara;Floral;Ambra, Lemn de cedru, Mosc, Vanilie madagascar;Floare de portocal, Iasmina de india, Iasomie sambac, Lavanda;Coacaze negre, Oleo de lavanda francesa, Ulei de mandarina, Ulei de portocala amara;Yves Saint Laurent;Libre;https://dpparfum.b-cdn.net/Classic%20Collection/Classic_Teal.jpg;;
Y5;Classic;Dama;Intens;Zi, Seara;Floral;Ambra, Lemn de cedru, Mosc, Vanilie madagascar;Floare de portocal, Iasmina de india, Iasomie sambac, Lavanda;Coacaze negre, Oleo de lavanda francesa, Ulei de mandarina, Ulei de portocala amara;Yves Saint Laurent;Libre;https://dpparfum.b-cdn.net/Classic%20Collection/Classic_Teal.jpg;;
T7;Classic;Unisex;Intens;Zi, Seara;Floral;Boabe de tonka, Casmeran, Labdanum, Lemn de santal, Paciuli, Styrax, Vanilie, Vetiver;Coniac, Iasomie, Rom;Cardamom, Heliotrop, Piersica, Portocala rosie;Tom Ford;Bitter Peach;https://dpparfum.b-cdn.net/Classic%20Collection/Classic_Teal.jpg;;
T7;Classic;Unisex;Intens;Zi, Seara;Floral;Boabe de tonka, Casmeran, Labdanum, Lemn de santal, Paciuli, Styrax, Vanilie, Vetiver;Coniac, Iasomie, Rom;Cardamom, Heliotrop, Piersica, Portocala rosie;Tom Ford;Bitter Peach;https://dpparfum.b-cdn.net/Classic%20Collection/Classic_Teal.jpg;;
L7;Classic;Dama;Intens;Zi, Seara;Vanilat;Cedru, Paciuli, Vanilie;Iasomie, Trandafir;Bergamota;Lancome;Idole;https://dpparfum.b-cdn.net/Classic%20Collection/Classic_Coral.jpg;;
L7;Classic;Dama;Intens;Zi, Seara;Vanilat;Cedru, Paciuli, Vanilie;Iasomie, Trandafir;Bergamota;Lancome;Idole;https://dpparfum.b-cdn.net/Classic%20Collection/Classic_Coral.jpg;;
C20;Classic;Barbati;Subtil;Zi, Seara;Oriental;Cacao, Tonka;Nucsoara, Salvie, Vetiver;Grapefruit, Piper alb;Carolina Herrera;Bad Boy;https://dpparfum.b-cdn.net/Classic%20Collection/Classic_Teal.jpg;;
C20;Classic;Barbati;Subtil;Zi, Seara;Oriental;Cacao, Tonka;Nucsoara, Salvie, Vetiver;Grapefruit, Piper alb;Carolina Herrera;Bad Boy;https://dpparfum.b-cdn.net/Classic%20Collection/Classic_Teal.jpg;;
TY11;Classic;Unisex;Intens;Zi, Seara;Oriental;Boabe de tonka, Cedru, Garoafa, Lemn de agar, Lemn de santal, Paciuli, Rasina benzoica, Rasina peruviana, Scortisoara, Vanilie, Vetiver;Cirese, Iasomie sambac, Pruna, Trandafir turcesc;Cirese, Lichior, Migdale amare;Tom Ford;Lost Cherry;https://dpparfum.b-cdn.net/Classic%20Collection/Classic_Teal.jpg;;
TY11;Classic;Unisex;Intens;Zi, Seara;Oriental;Boabe de tonka, Cedru, Garoafa, Lemn de agar, Lemn de santal, Paciuli, Rasina benzoica, Rasina peruviana, Scortisoara, Vanilie, Vetiver;Cirese, Iasomie sambac, Pruna, Trandafir turcesc;Cirese, Lichior, Migdale amare;Tom Ford;Lost Cherry;https://dpparfum.b-cdn.net/Classic%20Collection/Classic_Teal.jpg;;
D2;Classic;Barbati;Subtil;Zi, Seara;Oceanic;Lemn de cedru, Lichen de stejar, Mosc alb, Tutun;Geranium, Iasomie, Lemn de santal, Neroli;Apa de mare, Coriandru, Lavanda, Menta, Note verzi, Rozmarin;Davidoff;Cool Water;https://dpparfum.b-cdn.net/Classic%20Collection/Classic_Navy.jpg;;
D2;Classic;Barbati;Subtil;Zi, Seara;Oceanic;Lemn de cedru, Lichen de stejar, Mosc alb, Tutun;Geranium, Iasomie, Lemn de santal, Neroli;Apa de mare, Coriandru, Lavanda, Menta, Note verzi, Rozmarin;Davidoff;Cool Water;https://dpparfum.b-cdn.net/Classic%20Collection/Classic_Navy.jpg;;
D10;Classic;Dama;Moderat;Zi, Seara;Fructat;Mosc alb, Note verzi, Paciuli;Caramel, Gardenie, Iasomie, Trandafir, Violeta, Ylang-ylang;Ananas, Capsuni, Cirese, Mandarina, Neroli;Dior;Miss Dior Cherie;https://dpparfum.b-cdn.net/Classic%20Collection/Classic_Purple.jpg;;
D10;Classic;Dama;Moderat;Zi, Seara;Fructat;Mosc alb, Note verzi, Paciuli;Caramel, Gardenie, Iasomie, Trandafir, Violeta, Ylang-ylang;Ananas, Capsuni, Cirese, Mandarina, Neroli;Dior;Miss Dior Cherie;https://dpparfum.b-cdn.net/Classic%20Collection/Classic_Purple.jpg;;
A10;Classic;Barbati;Intens;Zi, Seara;Fougere;Castan, Cedru, Lemn ambrat, Lemn de guaiac, Vanilie;Ananas, Lavanda, Pepene, Salvie, Scortisoara;Cardamom, Frunze de violeta, Menta, Piper roz;Armani;Stronger with you;https://dpparfum.b-cdn.net/Classic%20Collection/Classic_Green.jpg;;
A10;Classic;Barbati;Intens;Zi, Seara;Fougere;Castan, Cedru, Lemn ambrat, Lemn de guaiac, Vanilie;Ananas, Lavanda, Pepene, Salvie, Scortisoara;Cardamom, Frunze de violeta, Menta, Piper roz;Armani;Stronger with you;https://dpparfum.b-cdn.net/Classic%20Collection/Classic_Green.jpg;;
D18;Classic;Barbati;Moderat;Zi, Seara;Condimentat;Ambra, Lemn de cedru, Tutun;Cardamom, Floare de portocal, Ghimbir;Busuioc, Coriandru, Grapefruit;D&G;The one for men;https://dpparfum.b-cdn.net/Classic%20Collection/Classic_Coral.jpg;;
D18;Classic;Barbati;Moderat;Zi, Seara;Condimentat;Ambra, Lemn de cedru, Tutun;Cardamom, Floare de portocal, Ghimbir;Busuioc, Coriandru, Grapefruit;D&G;The one for men;https://dpparfum.b-cdn.net/Classic%20Collection/Classic_Coral.jpg;;
E2;Classic;Barbati;Moderat;Seara;Floral;Ambra, Lemn de cedru, Lemn de santal, Lichen de stejar;Galbanum, Geranium, Iasomie, Muscata;Lavanda, Neroli, Rozmarin;Chanel;Egoiste platinum;https://dpparfum.b-cdn.net/Classic%20Collection/Classic_Teal.jpg;;
E2;Classic;Barbati;Moderat;Seara;Floral;Ambra, Lemn de cedru, Lemn de santal, Lichen de stejar;Galbanum, Geranium, Iasomie, Muscata;Lavanda, Neroli, Rozmarin;Chanel;Egoiste platinum;https://dpparfum.b-cdn.net/Classic%20Collection/Classic_Teal.jpg;;
E4;Classic;Barbati;Subtil;Zi;Condimentat;Lemn de guaiac, Vetiver;Cacao, Lemn de cedru;Citrice, Piper;Armani;Armani He;https://dpparfum.b-cdn.net/Classic%20Collection/Classic_Coral.jpg;;
E4;Classic;Barbati;Subtil;Zi;Condimentat;Lemn de guaiac, Vetiver;Cacao, Lemn de cedru;Citrice, Piper;Armani;Armani He;https://dpparfum.b-cdn.net/Classic%20Collection/Classic_Coral.jpg;;
G3;Classic;Barbati;Moderat;Zi, Seara;Condimentat;Lemn de cedru, Oliban, Vetiver;Cardamom, Lavanda, Piper negru;Bergamota, Grapefruit;Givenchy;Blue Label;https://dpparfum.b-cdn.net/Classic%20Collection/Classic_Coral.jpg;;
G3;Classic;Barbati;Moderat;Zi, Seara;Condimentat;Lemn de cedru, Oliban, Vetiver;Cardamom, Lavanda, Piper negru;Bergamota, Grapefruit;Givenchy;Blue Label;https://dpparfum.b-cdn.net/Classic%20Collection/Classic_Coral.jpg;;
L6;Classic;Barbati;Subtil;Zi;Aromatic;Lemn de santal, Paciuli;Piper negru, Trandafir;Bergamota, Coacaze negre, Frunze de tomate, Portocala;Lacoste;Lacoste Essential;https://dpparfum.b-cdn.net/Classic%20Collection/Classic_Orange.jpg;;
L6;Classic;Barbati;Subtil;Zi;Aromatic;Lemn de santal, Paciuli;Piper negru, Trandafir;Bergamota, Coacaze negre, Frunze de tomate, Portocala;Lacoste;Lacoste Essential;https://dpparfum.b-cdn.net/Classic%20Collection/Classic_Orange.jpg;;
C1;Classic;Barbati;Moderat;Zi, Seara;Floral;Labdanum, Lemn ambrat, Lemn de santal, Mosc alb, Oliban, Vetiver;Gardenie, Ghimbir, Piper negru, Violeta;Bergamota, Lavanda, Note verzi;Carolina Herrera;212;https://dpparfum.b-cdn.net/Classic%20Collection/Classic_Teal.jpg;;
C1;Classic;Barbati;Moderat;Zi, Seara;Floral;Labdanum, Lemn ambrat, Lemn de santal, Mosc alb, Oliban, Vetiver;Gardenie, Ghimbir, Piper negru, Violeta;Bergamota, Lavanda, Note verzi;Carolina Herrera;212;https://dpparfum.b-cdn.net/Classic%20Collection/Classic_Teal.jpg;;
P8;Classic;Dama;Moderat;Zi, Seara;Vanilat;Rasina benzoica, Vanilie;Mosc alb, Note pudrate;Caramel, Note florale;Prada ;Candy;https://dpparfum.b-cdn.net/Classic%20Collection/Classic_Coral.jpg;;
P8;Classic;Dama;Moderat;Zi, Seara;Vanilat;Rasina benzoica, Vanilie;Mosc alb, Note pudrate;Caramel, Note florale;Prada ;Candy;https://dpparfum.b-cdn.net/Classic%20Collection/Classic_Coral.jpg;;
W1;Classic;Dama;Intens;Seara;Vanilat;Ambra, Boabe de tonka, Caramel, Lemn de santal, Tamaie, Vetiver;Heliotrop, Lacramioara, Lapte, Magnolie, Miere, Orhidee, Violeta;Capsuni, Coacaze negre, Floare de portocal, Nuca de cocos, Para, Salcam;Chopard;Wish;https://dpparfum.b-cdn.net/Classic%20Collection/Classic_Coral.jpg;;
W1;Classic;Dama;Intens;Seara;Vanilat;Ambra, Boabe de tonka, Caramel, Lemn de santal, Tamaie, Vetiver;Heliotrop, Lacramioara, Lapte, Magnolie, Miere, Orhidee, Violeta;Capsuni, Coacaze negre, Floare de portocal, Nuca de cocos, Para, Salcam;Chopard;Wish;https://dpparfum.b-cdn.net/Classic%20Collection/Classic_Coral.jpg;;
A3;Classic;Barbati;Moderat;Zi, Seara;Lemnos;Ambra, Boabe de tonka, Nuca de cocos, Rasina benzoica, Lemn de santal vanilie;Anason, Frezie, Gardenie, Lemn de cedru, Paciuli, Piper, Trandafir;Bergamota, Lamaie, Lavanda, Mandarina, Piersica;Chanel;Allure;https://dpparfum.b-cdn.net/Classic%20Collection/Classic_Green.jpg;;
A3;Classic;Barbati;Moderat;Zi, Seara;Lemnos;Ambra, Boabe de tonka, Nuca de cocos, Rasina benzoica, Lemn de santal vanilie;Anason, Frezie, Gardenie, Lemn de cedru, Paciuli, Piper, Trandafir;Bergamota, Lamaie, Lavanda, Mandarina, Piersica;Chanel;Allure;https://dpparfum.b-cdn.net/Classic%20Collection/Classic_Green.jpg;;
E4;Classic;Dama;Subtil;Zi;Vanilat;Boabe de tonka, Lemn de cedru, Lemn de santal, Mosc alb;Heliotrop, Iasomie, Iris, Lacramioara;Ananas, Bergamota, Mandarina, Para;Armani;Emporio Armani She;https://dpparfum.b-cdn.net/Classic%20Collection/Classic_Coral.jpg;;
E4;Classic;Dama;Subtil;Zi;Vanilat;Boabe de tonka, Lemn de cedru, Lemn de santal, Mosc alb;Heliotrop, Iasomie, Iris, Lacramioara;Ananas, Bergamota, Mandarina, Para;Armani;Emporio Armani She;https://dpparfum.b-cdn.net/Classic%20Collection/Classic_Coral.jpg;;
E8;Classic;Dama;Moderat;Seara;Floral;Lemn de cedru, Miere, Note lemnoase, Trandafir;Iasomie, Paciuli;Floare de portocal;Elie Saab;Le Parfum;https://dpparfum.b-cdn.net/Classic%20Collection/Classic_Teal.jpg;;
E8;Classic;Dama;Moderat;Seara;Floral;Lemn de cedru, Miere, Note lemnoase, Trandafir;Iasomie, Paciuli;Floare de portocal;Elie Saab;Le Parfum;https://dpparfum.b-cdn.net/Classic%20Collection/Classic_Teal.jpg;;
K7;Classic;Dama;Subtil;Zi, Seara;Acvatic;Lemn de cedru, Mosc alb, Vanilie;Crin amaryllis, Nufar, Piersica, Piper, Trandafir;Liliac, Mandarina, Menta, Trestie;Kenzo;Kenzo L'eau pour femme;https://dpparfum.b-cdn.net/Classic%20Collection/Classic_Navy.jpg;;
K7;Classic;Dama;Subtil;Zi, Seara;Acvatic;Lemn de cedru, Mosc alb, Vanilie;Crin amaryllis, Nufar, Piersica, Piper, Trandafir;Liliac, Mandarina, Menta, Trestie;Kenzo;Kenzo L'eau pour femme;https://dpparfum.b-cdn.net/Classic%20Collection/Classic_Navy.jpg;;
K10;Classic;Dama;Moderat;Seara;Vanilat;Boabe de tonka, Note lemnoase, Orez, Tamaie, Vanilie;Floare de cires, Heliotrop, Oliban;Ceai alb, Frangipani;Kenzo;Amor;https://dpparfum.b-cdn.net/Classic%20Collection/Classic_Coral.jpg;;
K10;Classic;Dama;Moderat;Seara;Vanilat;Boabe de tonka, Note lemnoase, Orez, Tamaie, Vanilie;Floare de cires, Heliotrop, Oliban;Ceai alb, Frangipani;Kenzo;Amor;https://dpparfum.b-cdn.net/Classic%20Collection/Classic_Coral.jpg;;
L11;Classic;Unisex;Moderat;Zi;Vanilat;Lemn pretios, Mosc alb, Vanilie;Imortela, Scortisoara;Bergamota, Floare de portocal;Lolita Lempicka;Lift;https://dpparfum.b-cdn.net/Classic%20Collection/Classic_Coral.jpg;;
L11;Classic;Unisex;Moderat;Zi;Vanilat;Lemn pretios, Mosc alb, Vanilie;Imortela, Scortisoara;Bergamota, Floare de portocal;Lolita Lempicka;Lift;https://dpparfum.b-cdn.net/Classic%20Collection/Classic_Coral.jpg;;
M9;Classic;Dama;Subtil;Zi;Lemnos;Ambra, Lemn de cedru, Lemn de santal, Mosc;Bujor, Iris, Magnolie;Bergamota, Coacaze negre, Floare de portocal;Armani;Mania New;https://dpparfum.b-cdn.net/Classic%20Collection/Classic_Green.jpg;;
M9;Classic;Dama;Subtil;Zi;Lemnos;Ambra, Lemn de cedru, Lemn de santal, Mosc;Bujor, Iris, Magnolie;Bergamota, Coacaze negre, Floare de portocal;Armani;Mania New;https://dpparfum.b-cdn.net/Classic%20Collection/Classic_Green.jpg;;
N1;Classic;Dama;Subtil;Zi;Lemnos;Boabe de tonka, Cedru, Coriandru, Lemn de santal, Vanilie;Iasomie, Lacramioara, Trandafir, Ylang-ylang;Frezie, Note verzi, Piersica, Pruna;Cacharel;Noa;https://dpparfum.b-cdn.net/Classic%20Collection/Classic_Green.jpg;;
N1;Classic;Dama;Subtil;Zi;Lemnos;Boabe de tonka, Cedru, Coriandru, Lemn de santal, Vanilie;Iasomie, Lacramioara, Trandafir, Ylang-ylang;Frezie, Note verzi, Piersica, Pruna;Cacharel;Noa;https://dpparfum.b-cdn.net/Classic%20Collection/Classic_Green.jpg;;
A20;Classic;Dama;Moderat;Zi;Floral;Lemn de santal, Miere, Vanilie;Floare de portocal, Ghimbir, Iasomie sambac;Iasomie, Portocala;Armani;Code for her;https://dpparfum.b-cdn.net/Classic%20Collection/Classic_Teal.jpg;;
A20;Classic;Dama;Moderat;Zi;Floral;Lemn de santal, Miere, Vanilie;Floare de portocal, Ghimbir, Iasomie sambac;Iasomie, Portocala;Armani;Code for her;https://dpparfum.b-cdn.net/Classic%20Collection/Classic_Teal.jpg;;
B20;Classic;Dama;Moderat;Zi;Floral;Boabe de tonka, Mosc alb, Note lemnoase, Paciuli;Iasomie sambac, Migdale;Gardenie, Note verzi;Bvulgari;Jasmin Noir;https://dpparfum.b-cdn.net/Classic%20Collection/Classic_Teal.jpg;;
B20;Classic;Dama;Moderat;Zi;Floral;Boabe de tonka, Mosc alb, Note lemnoase, Paciuli;Iasomie sambac, Migdale;Gardenie, Note verzi;Bvulgari;Jasmin Noir;https://dpparfum.b-cdn.net/Classic%20Collection/Classic_Teal.jpg;;
C24;Classic;Dama;Intens;Zi, Seara;Dulce;Zahar ars;Bomboane, Zahar;Mar;Chanel;Candy;https://dpparfum.b-cdn.net/Classic%20Collection/Classic_Purple.jpg;;
C24;Classic;Dama;Intens;Zi, Seara;Dulce;Zahar ars;Bomboane, Zahar;Mar;Chanel;Candy;https://dpparfum.b-cdn.net/Classic%20Collection/Classic_Purple.jpg;;
D22;Classic;Dama;Moderat;Zi;Floral;Ambra, Mosc alb, Vetiver;Crin, Iasomie, Lacramioara, Pruna;Litchi, Mandarina, Piersica;D&G;The One;https://dpparfum.b-cdn.net/Classic%20Collection/Classic_Teal.jpg;;
D22;Classic;Dama;Moderat;Zi;Floral;Ambra, Mosc alb, Vetiver;Crin, Iasomie, Lacramioara, Pruna;Litchi, Mandarina, Piersica;D&G;The One;https://dpparfum.b-cdn.net/Classic%20Collection/Classic_Teal.jpg;;
P1;Classic;Dama;Moderat;Zi;Fructat;Note lemnoase, Paciuli, Vanilie neagra;Floare de cacao, Trandafir, Violeta neagra;Merisor, Piper roz, Tamarind;Paco Rabanne;Black XS;https://dpparfum.b-cdn.net/Classic%20Collection/Classic_Purple.jpg;;
P1;Classic;Dama;Moderat;Zi;Fructat;Note lemnoase, Paciuli, Vanilie neagra;Floare de cacao, Trandafir, Violeta neagra;Merisor, Piper roz, Tamarind;Paco Rabanne;Black XS;https://dpparfum.b-cdn.net/Classic%20Collection/Classic_Purple.jpg;;
D3;Classic;Dama;Intens;Seara;Floral;Lemn de santal, Zibeta;Crin, Crin amaryllis, Iasomie, Liliac, Rozmarin;Bergamota, Frunze verzi;Dior;Diorissimo;https://dpparfum.b-cdn.net/Classic%20Collection/Classic_Teal.jpg;;
D3;Classic;Dama;Intens;Seara;Floral;Lemn de santal, Zibeta;Crin, Crin amaryllis, Iasomie, Liliac, Rozmarin;Bergamota, Frunze verzi;Dior;Diorissimo;https://dpparfum.b-cdn.net/Classic%20Collection/Classic_Teal.jpg;;
J3;Classic;Dama;Intens;Zi;Floral;Caramel, Lemn dulce, Miere, Paciuli;Floare de portocal, Gardenie, Iasomie, Piersica;Mandarina, Portocala rosie;Jean Paul Gaultier;Scandal;https://dpparfum.b-cdn.net/Classic%20Collection/Classic_Teal.jpg;;
J3;Classic;Dama;Intens;Zi;Floral;Caramel, Lemn dulce, Miere, Paciuli;Floare de portocal, Gardenie, Iasomie, Piersica;Mandarina, Portocala rosie;Jean Paul Gaultier;Scandal;https://dpparfum.b-cdn.net/Classic%20Collection/Classic_Teal.jpg;;
J4;Classic;Dama;Moderat;Zi;Fructat;Caramel, Mosc alb, Paciuli;Note florale, Note fructate, Orhidee;Mandarina, Note verzi;Jimmy Choo;Jimmy Choo;https://dpparfum.b-cdn.net/Classic%20Collection/Classic_Purple.jpg;;
J4;Classic;Dama;Moderat;Zi;Fructat;Caramel, Mosc alb, Paciuli;Note florale, Note fructate, Orhidee;Mandarina, Note verzi;Jimmy Choo;Jimmy Choo;https://dpparfum.b-cdn.net/Classic%20Collection/Classic_Purple.jpg;;
K3;Classic;Dama;Subtil;Zi;Floral;Mosc alb, Opoponax, Tamaie, Vanilie;Iasomie, Trandafir, Violeta;Coacaze negre, Paducel;Kenzo;Flower;https://dpparfum.b-cdn.net/Classic%20Collection/Classic_Teal.jpg;;
K3;Classic;Dama;Subtil;Zi;Floral;Mosc alb, Opoponax, Tamaie, Vanilie;Iasomie, Trandafir, Violeta;Coacaze negre, Paducel;Kenzo;Flower;https://dpparfum.b-cdn.net/Classic%20Collection/Classic_Teal.jpg;;
B6;Classic;Dama;Subtil;Zi;Floral;Lemn de cedru, Lemn de santal, Mosc;Floare de piersic, Macese, Nectarina, Stanjenel, Violeta, Zambila;Busuioc domnesc, Mandarina, Salvie;Burberry;Weekend;https://dpparfum.b-cdn.net/Classic%20Collection/Classic_Teal.jpg;;
B6;Classic;Dama;Subtil;Zi;Floral;Lemn de cedru, Lemn de santal, Mosc;Floare de piersic, Macese, Nectarina, Stanjenel, Violeta, Zambila;Busuioc domnesc, Mandarina, Salvie;Burberry;Weekend;https://dpparfum.b-cdn.net/Classic%20Collection/Classic_Teal.jpg;;
B17;Classic;Dama;Subtil;Zi;Fructat;Lemn de mahon, Mosc alb, Paciuli;Caprifoi, Lalea, Para, Trandafir;Grapefruit, Piersica, Piper;Burberry;London;https://dpparfum.b-cdn.net/Classic%20Collection/Classic_Purple.jpg;;
B17;Classic;Dama;Subtil;Zi;Fructat;Lemn de mahon, Mosc alb, Paciuli;Caprifoi, Lalea, Para, Trandafir;Grapefruit, Piersica, Piper;Burberry;London;https://dpparfum.b-cdn.net/Classic%20Collection/Classic_Purple.jpg;;
D1;Classic;Dama;Subtil;Zi;Acvatic;Lemn de santal, Mure, Piersica, Vanilie, Vetiver;Crin de apa, Iasomie, Miere, Nufar, Paducel;Ananas, Coacaze negre, Lamaie, Lotus, Ozon, Pepene;Davidoff;Cool Water;https://dpparfum.b-cdn.net/Classic%20Collection/Classic_Navy.jpg;;
D1;Classic;Dama;Subtil;Zi;Acvatic;Lemn de santal, Mure, Piersica, Vanilie, Vetiver;Crin de apa, Iasomie, Miere, Nufar, Paducel;Ananas, Coacaze negre, Lamaie, Lotus, Ozon, Pepene;Davidoff;Cool Water;https://dpparfum.b-cdn.net/Classic%20Collection/Classic_Navy.jpg;;
K1 ;Classic;Barbati;Intens;Seara;Oceanic;Lemn de cedru, Lemn de santal, Lichen de stejar, Mosc alb, Vetiver;Boabe de ienupar, Cuisoare, Iasomie, Lacramioara, Nucsoara, Ozon, Trandafir;Bergamota, Lamaie, Lemn de trandafir, Note marine, Salvie;Kenzo;Kenzo;https://dpparfum.b-cdn.net/Classic%20Collection/Classic_Navy.jpg;;
K1 ;Classic;Barbati;Intens;Seara;Oceanic;Lemn de cedru, Lemn de santal, Lichen de stejar, Mosc alb, Vetiver;Boabe de ienupar, Cuisoare, Iasomie, Lacramioara, Nucsoara, Ozon, Trandafir;Bergamota, Lamaie, Lemn de trandafir, Note marine, Salvie;Kenzo;Kenzo;https://dpparfum.b-cdn.net/Classic%20Collection/Classic_Navy.jpg;;
Z5;Classic;Barbati;Intens;Seara;Oriental;Ambergris, Boabe de tonka, Lemn de agar, Lemn de santal;Lavanda, Muscata, Trandafir;Piper roz, Sofran;Shaik;Shaik no.77;https://dpparfum.b-cdn.net/Classic%20Collection/Classic_Teal.jpg;;
Z5;Classic;Barbati;Intens;Seara;Oriental;Ambergris, Boabe de tonka, Lemn de agar, Lemn de santal;Lavanda, Muscata, Trandafir;Piper roz, Sofran;Shaik;Shaik no.77;https://dpparfum.b-cdn.net/Classic%20Collection/Classic_Teal.jpg;;
A11;Classic;Dama;Moderat;Zi;Fructat;Ambroxan, Note lemnoase, Vanilie;Paciuli, Trandafir;Coacaze rosii, Frezie;Armani;Si;https://dpparfum.b-cdn.net/Classic%20Collection/Classic_Purple.jpg;;
A11;Classic;Dama;Moderat;Zi;Fructat;Ambroxan, Note lemnoase, Vanilie;Paciuli, Trandafir;Coacaze rosii, Frezie;Armani;Si;https://dpparfum.b-cdn.net/Classic%20Collection/Classic_Purple.jpg;;
A14;Classic;Dama;Intens;Seara;Vanilat;Boabe de tonka, Lemn de santal, Vanilie;Floare de portocal, Iasomie, Regina noptii, Trandafir;Mandarina, Mure;Dior;Addict;https://dpparfum.b-cdn.net/Classic%20Collection/Classic_Coral.jpg;;
A14;Classic;Dama;Intens;Seara;Vanilat;Boabe de tonka, Lemn de santal, Vanilie;Floare de portocal, Iasomie, Regina noptii, Trandafir;Mandarina, Mure;Dior;Addict;https://dpparfum.b-cdn.net/Classic%20Collection/Classic_Coral.jpg;;
D19;Classic;Barbati;Moderat;Zi;Fougere;Note lemnoase, Zmeura;Heliotrop, Lavanda;Anason, Grapefruit;Diesel;Fuel for life;https://dpparfum.b-cdn.net/Classic%20Collection/Classic_Green.jpg;;
D19;Classic;Barbati;Moderat;Zi;Fougere;Note lemnoase, Zmeura;Heliotrop, Lavanda;Anason, Grapefruit;Diesel;Fuel for life;https://dpparfum.b-cdn.net/Classic%20Collection/Classic_Green.jpg;;
G8;Classic;Barbati;Moderat;Zi;Aromatic;Ambra, Lemn de cedru, Paciuli;Floare de portocal, Neroli;Lamaie, Lavanda, Mandarina, Piper roz;Gucci;Guilty;https://dpparfum.b-cdn.net/Classic%20Collection/Classic_Orange.jpg;;
G8;Classic;Barbati;Moderat;Zi;Aromatic;Ambra, Lemn de cedru, Paciuli;Floare de portocal, Neroli;Lamaie, Lavanda, Mandarina, Piper roz;Gucci;Guilty;https://dpparfum.b-cdn.net/Classic%20Collection/Classic_Orange.jpg;;
C14;Classic;Barbati;Subtil;Zi;Aromatic;Ambra, Lemn de sequoia, Paciuli, Piele intoarsa;Busuioc, Lemn de cedru, Salvie;Ghimbir, Piper, Sudachi;Calvin Klein;Euphoria;https://dpparfum.b-cdn.net/Classic%20Collection/Classic_Orange.jpg;;
C14;Classic;Barbati;Subtil;Zi;Aromatic;Ambra, Lemn de sequoia, Paciuli, Piele intoarsa;Busuioc, Lemn de cedru, Salvie;Ghimbir, Piper, Sudachi;Calvin Klein;Euphoria;https://dpparfum.b-cdn.net/Classic%20Collection/Classic_Orange.jpg;;
C16;Classic;Barbati;Subtil;Zi;Floral;Labdanum, Lemn de santal, Mosc alb, Tamaie, Vetiver;Condimente, Gardenie, Ghimbir, Violeta;Bergamota, Lavanda, Note verzi;Carolina Herrera;212 Sexy;https://dpparfum.b-cdn.net/Classic%20Collection/Classic_Teal.jpg;;
C16;Classic;Barbati;Subtil;Zi;Floral;Labdanum, Lemn de santal, Mosc alb, Tamaie, Vetiver;Condimente, Gardenie, Ghimbir, Violeta;Bergamota, Lavanda, Note verzi;Carolina Herrera;212 Sexy;https://dpparfum.b-cdn.net/Classic%20Collection/Classic_Teal.jpg;;
R9;Classic;Dama;Subtil;Zi;Lemnos;Coacaze negre, Lichen de stejar, Mosc alb;Crin, Gardenie, Lemn de palmier, Narcisa;Frezie, Lacramioara, Trandafir;Gucci;Rush 2;https://dpparfum.b-cdn.net/Classic%20Collection/Classic_Green.jpg;;
R9;Classic;Dama;Subtil;Zi;Lemnos;Coacaze negre, Lichen de stejar, Mosc alb;Crin, Gardenie, Lemn de palmier, Narcisa;Frezie, Lacramioara, Trandafir;Gucci;Rush 2;https://dpparfum.b-cdn.net/Classic%20Collection/Classic_Green.jpg;;
T3;Classic;Unisex;Intens;Seara;Condimentat;Fructe uscate, Note lemnoase;Boabe de tonka, Cacao, Floare de tabac, Vanilie;Frunze de tutun, Note condimentate;Tom Ford;Tabacco Vanilla;https://dpparfum.b-cdn.net/Classic%20Collection/Classic_Coral.jpg;;
T3;Classic;Unisex;Intens;Seara;Condimentat;Fructe uscate, Note lemnoase;Boabe de tonka, Cacao, Floare de tabac, Vanilie;Frunze de tutun, Note condimentate;Tom Ford;Tabacco Vanilla;https://dpparfum.b-cdn.net/Classic%20Collection/Classic_Coral.jpg;;
V4;Classic;Dama;Moderat;Zi;Fructat;Trandafir taif;Anason, Lamaita;Bujor roz, Magnolie, Trandafir;Givenchy;Verry Irresistible;https://dpparfum.b-cdn.net/Classic%20Collection/Classic_Purple.jpg;;
V4;Classic;Dama;Moderat;Zi;Fructat;Trandafir taif;Anason, Lamaita;Bujor roz, Magnolie, Trandafir;Givenchy;Verry Irresistible;https://dpparfum.b-cdn.net/Classic%20Collection/Classic_Purple.jpg;;
V7;Classic;Dama;Moderat;Zi;Lemnos;Ambroxan, Lemn de santal, Mosc, Note lemnoase;Bujor, Floare de lamai, Rodie;Bergamota, Lamaie, Rodie;Versace;Eros;https://dpparfum.b-cdn.net/Classic%20Collection/Classic_Green.jpg;;
V7;Classic;Dama;Moderat;Zi;Lemnos;Ambroxan, Lemn de santal, Mosc, Note lemnoase;Bujor, Floare de lamai, Rodie;Bergamota, Lamaie, Rodie;Versace;Eros;https://dpparfum.b-cdn.net/Classic%20Collection/Classic_Green.jpg;;
Y3;Classic;Dama;Moderat;Zi;Floral;Boabe de tonka, Cedru, Lemn de santal, Vanilie;Iasomie arabica, Lacramioara;Bergamota, Coacaze negre, Note verzi;Yves Saint Laurent;Manifesto;https://dpparfum.b-cdn.net/Classic%20Collection/Classic_Teal.jpg;;
Y3;Classic;Dama;Moderat;Zi;Floral;Boabe de tonka, Cedru, Lemn de santal, Vanilie;Iasomie arabica, Lacramioara;Bergamota, Coacaze negre, Note verzi;Yves Saint Laurent;Manifesto;https://dpparfum.b-cdn.net/Classic%20Collection/Classic_Teal.jpg;;
Y4;Classic;Dama;Intens;Seara;Vanilat;Cedru, Paciuli, Vanilie;Cafea, Iasomie, Lemn dulce, Migdale amare;Floare de portocal, Para, Piper roz;Yves Saint Laurent;Black Opium;https://dpparfum.b-cdn.net/Classic%20Collection/Classic_Coral.jpg;;
Y4;Classic;Dama;Intens;Seara;Vanilat;Cedru, Paciuli, Vanilie;Cafea, Iasomie, Lemn dulce, Migdale amare;Floare de portocal, Para, Piper roz;Yves Saint Laurent;Black Opium;https://dpparfum.b-cdn.net/Classic%20Collection/Classic_Coral.jpg;;
P12;Classic;Dama;Intens;Zi, Seara;Floral;Caramel, Casmeran, Lemn de santal, Mosc, Paciuli;Sare, Vanilie;Floare de ghimbir, Iasomie de apa, Mandarina verde;Paco Rabanne;Olympea;https://dpparfum.b-cdn.net/Classic%20Collection/Classic_Teal.jpg;;
P12;Classic;Dama;Intens;Zi, Seara;Floral;Caramel, Casmeran, Lemn de santal, Mosc, Paciuli;Sare, Vanilie;Floare de ghimbir, Iasomie de apa, Mandarina verde;Paco Rabanne;Olympea;https://dpparfum.b-cdn.net/Classic%20Collection/Classic_Teal.jpg;;
R5;Classic;Dama;Intens;Seara;Fructat;Paciuli, Vanilie, Vetiver;Coriandru, Iasomie, Trandafir;Gardenie de california, Petale de frezie, Piersica;Gucci;Rush  ;https://dpparfum.b-cdn.net/Classic%20Collection/Classic_Purple.jpg;;
R5;Classic;Dama;Intens;Seara;Fructat;Paciuli, Vanilie, Vetiver;Coriandru, Iasomie, Trandafir;Gardenie de california, Petale de frezie, Piersica;Gucci;Rush  ;https://dpparfum.b-cdn.net/Classic%20Collection/Classic_Purple.jpg;;
P7;Classic;Dama;Moderat;Zi, Seara;Fructat;Ambra, Miere alba, Paciuli;Floare de portocal, Gardenie, Iasomie;Lamaie de amalfi, Neroli, Zmeura;Paco Rabanne;Lady Million;https://dpparfum.b-cdn.net/Classic%20Collection/Classic_Purple.jpg;;
P7;Classic;Dama;Moderat;Zi, Seara;Fructat;Ambra, Miere alba, Paciuli;Floare de portocal, Gardenie, Iasomie;Lamaie de amalfi, Neroli, Zmeura;Paco Rabanne;Lady Million;https://dpparfum.b-cdn.net/Classic%20Collection/Classic_Purple.jpg;;
V4;Classic;Barbati;Moderat;Zi, Seara;Condimentat;Pielarie, Tabac, Vetiver;Ardei, Scortisoara, Sofran;Bergamota, Elemi, Grapefruit, Piper roz;Viktor Rolf;Spice Bomb;https://dpparfum.b-cdn.net/Classic%20Collection/Classic_Coral.jpg;;
V4;Classic;Barbati;Moderat;Zi, Seara;Condimentat;Pielarie, Tabac, Vetiver;Ardei, Scortisoara, Sofran;Bergamota, Elemi, Grapefruit, Piper roz;Viktor Rolf;Spice Bomb;https://dpparfum.b-cdn.net/Classic%20Collection/Classic_Coral.jpg;;
H3;Classic;Dama;Intens;Seara;Vanilat;Lemn de santal, Migdale, Mosc, Vanilie;Chimion, Iasomie, Lacramioara, Lemn de trandafir, Trandafir, Tuberoza;Caisa, Nuca de cocos, Pruna;Dior;Hypnotic Poison;https://dpparfum.b-cdn.net/Classic%20Collection/Classic_Coral.jpg;;
H3;Classic;Dama;Intens;Seara;Vanilat;Lemn de santal, Migdale, Mosc, Vanilie;Chimion, Iasomie, Lacramioara, Lemn de trandafir, Trandafir, Tuberoza;Caisa, Nuca de cocos, Pruna;Dior;Hypnotic Poison;https://dpparfum.b-cdn.net/Classic%20Collection/Classic_Coral.jpg;;
J1;Classic;Dama;Moderat;Zi;Fructat;Cedru, Mosc alb, Mure, Vanilie;Frezie, Iasomie, Lacramioara, Orhidee, Pruna, Trandafir, Tuberoza, Violeta;Bergamota, Magnolie, Mandarina, Para, Pepene, Piersica;Dior;J'adore;https://dpparfum.b-cdn.net/Classic%20Collection/Classic_Purple.jpg;;
J1;Classic;Dama;Moderat;Zi;Fructat;Cedru, Mosc alb, Mure, Vanilie;Frezie, Iasomie, Lacramioara, Orhidee, Pruna, Trandafir, Tuberoza, Violeta;Bergamota, Magnolie, Mandarina, Para, Pepene, Piersica;Dior;J'adore;https://dpparfum.b-cdn.net/Classic%20Collection/Classic_Purple.jpg;;
J2;Classic;Dama;Moderat;Seara;Floral;Ambra, Lemn de santal, Mosc, Scortisoara, Vanilie;Ghimbir, Iris, Orhidee, Pruna, Tuberoza, Ylang-ylang;Anason stelat, Bergamota, Floare de portocal, Mandarina, Para, Trandafir;Jean Paul Gaultier;Jean Paul Gaultier;https://dpparfum.b-cdn.net/Classic%20Collection/Classic_Teal.jpg;;
J2;Classic;Dama;Moderat;Seara;Floral;Ambra, Lemn de santal, Mosc, Scortisoara, Vanilie;Ghimbir, Iris, Orhidee, Pruna, Tuberoza, Ylang-ylang;Anason stelat, Bergamota, Floare de portocal, Mandarina, Para, Trandafir;Jean Paul Gaultier;Jean Paul Gaultier;https://dpparfum.b-cdn.net/Classic%20Collection/Classic_Teal.jpg;;
L1 ;Classic;Dama;Intens;Zi, Seara;Fructat;Boabe de tonka, Paciuli, Pralina, Vanilie;Floare de portocal, Iasomie, Iris;Coacaze negre, Para;Lancome;La vie est belle;https://dpparfum.b-cdn.net/Classic%20Collection/Classic_Purple.jpg;;
L1 ;Classic;Dama;Intens;Zi, Seara;Fructat;Boabe de tonka, Paciuli, Pralina, Vanilie;Floare de portocal, Iasomie, Iris;Coacaze negre, Para;Lancome;La vie est belle;https://dpparfum.b-cdn.net/Classic%20Collection/Classic_Purple.jpg;;
L4;Classic;Dama;Intens;Zi;Fructat;Boabe de tonka, Mosc alb, Pralina, Vanilie, Vetiver;Crin, Cirese, Iris, Lemn dulce;Anason stelat, Coacaze negre, Iedera;Lolita Lempicka;Lolita Lempicka;https://dpparfum.b-cdn.net/Classic%20Collection/Classic_Purple.jpg;;
L4;Classic;Dama;Intens;Zi;Fructat;Boabe de tonka, Mosc alb, Pralina, Vanilie, Vetiver;Crin, Cirese, Iris, Lemn dulce;Anason stelat, Coacaze negre, Iedera;Lolita Lempicka;Lolita Lempicka;https://dpparfum.b-cdn.net/Classic%20Collection/Classic_Purple.jpg;;
L13;Classic;Dama;Subtil;Zi;Lemnos;Cedru, Labdanum, Lemn de santal, Piele intoarsa, Tamaie;Heliotrop, Iasomie, Trandafir japonez, Trandafir, Violeta;Frezie, Mar verde, Piper;Lacoste;Lacoste pour femme;https://dpparfum.b-cdn.net/Classic%20Collection/Classic_Green.jpg;;
L13;Classic;Dama;Subtil;Zi;Lemnos;Cedru, Labdanum, Lemn de santal, Piele intoarsa, Tamaie;Heliotrop, Iasomie, Trandafir japonez, Trandafir, Violeta;Frezie, Mar verde, Piper;Lacoste;Lacoste pour femme;https://dpparfum.b-cdn.net/Classic%20Collection/Classic_Green.jpg;;
N4;Classic;Dama;Moderat;Zi;Fructat;Lemn de santal, Note gurmande, Paciuli;Regina noptii, Trandafir, Tuberoza;Bergamota, Note fructate, Rubarba;Nina Ricci;Ricci Ricci;https://dpparfum.b-cdn.net/Classic%20Collection/Classic_Purple.jpg;;
N4;Classic;Dama;Moderat;Zi;Fructat;Lemn de santal, Note gurmande, Paciuli;Regina noptii, Trandafir, Tuberoza;Bergamota, Note fructate, Rubarba;Nina Ricci;Ricci Ricci;https://dpparfum.b-cdn.net/Classic%20Collection/Classic_Purple.jpg;;
P3;Classic;Dama;Intens;Seara;Floral;Ambra, Boabe de tonka, Cedru, Floare de portocal, Mosc, Vanilie;Floare de portocal, Floare de vanilie, Frezie, Heliotrop, Iasomie, Mimoza, Trandafir, Tuberoza, Ylang-ylang;Bergamota, Coacaze negre, Mac de himalaya, Mandarina, Narcisa, Note verzi, Piersica, Pruna;Lancome;Poeme;https://dpparfum.b-cdn.net/Classic%20Collection/Classic_Teal.jpg;;
P3;Classic;Dama;Intens;Seara;Floral;Ambra, Boabe de tonka, Cedru, Floare de portocal, Mosc, Vanilie;Floare de portocal, Floare de vanilie, Frezie, Heliotrop, Iasomie, Mimoza, Trandafir, Tuberoza, Ylang-ylang;Bergamota, Coacaze negre, Mac de himalaya, Mandarina, Narcisa, Note verzi, Piersica, Pruna;Lancome;Poeme;https://dpparfum.b-cdn.net/Classic%20Collection/Classic_Teal.jpg;;
V2;Classic;Barbati;Subtil;Zi;Oriental;Benzoina;Menta, Vanilie;Bergamota, Cedar tree, Lamaie;Versace;Lordly;https://dpparfum.b-cdn.net/Classic%20Collection/Classic_Teal.jpg;;
V2;Classic;Barbati;Subtil;Zi;Oriental;Benzoina;Menta, Vanilie;Bergamota, Cedar tree, Lamaie;Versace;Lordly;https://dpparfum.b-cdn.net/Classic%20Collection/Classic_Teal.jpg;;
V3;Classic;Barbati;Subtil;Zi;Fougere;Cedru, Lichen de stejar, Vanilie, Vetiver;Boabe de tonka, Muscata;Lamaie, Mar verde, Menta;Versace;Eros;https://dpparfum.b-cdn.net/Classic%20Collection/Classic_Green.jpg;;
V3;Classic;Barbati;Subtil;Zi;Fougere;Cedru, Lichen de stejar, Vanilie, Vetiver;Boabe de tonka, Muscata;Lamaie, Mar verde, Menta;Versace;Eros;https://dpparfum.b-cdn.net/Classic%20Collection/Classic_Green.jpg;;
R3;Classic;Barbati;Subtil;Zi;Condimentat;Ambra, Lemn de santal, Paciuli, Vanilie;Cappuccino, Cedru, Iasomie, Lacramioara, Zmeura;Bergamota, Lavanda;Rochas;Rochas;https://dpparfum.b-cdn.net/Classic%20Collection/Classic_Coral.jpg;;
R3;Classic;Barbati;Subtil;Zi;Condimentat;Ambra, Lemn de santal, Paciuli, Vanilie;Cappuccino, Cedru, Iasomie, Lacramioara, Zmeura;Bergamota, Lavanda;Rochas;Rochas;https://dpparfum.b-cdn.net/Classic%20Collection/Classic_Coral.jpg;;
D15;Classic;Dama;Moderat;Zi;Fructat;Ambra, Cedru, Mosc alb;Bambus, Iasomie, Trandafir alb;Cedru, Iris, Lamaie siciliana, Mar verde;D&G;Light Blue;https://dpparfum.b-cdn.net/Classic%20Collection/Classic_Purple.jpg;;
D15;Classic;Dama;Moderat;Zi;Fructat;Ambra, Cedru, Mosc alb;Bambus, Iasomie, Trandafir alb;Cedru, Iris, Lamaie siciliana, Mar verde;D&G;Light Blue;https://dpparfum.b-cdn.net/Classic%20Collection/Classic_Purple.jpg;;
E17;Classic;Dama;Intens;Seara;Vanilat;Ambra, Caramel, Lemn de santal, Mosc, Paciuli, Rasina benzoica, Vanilie, Vetiver;Busuioc, Chimion, Floare de migdal, Frezie, Heliotrop, Iris, Lacramioara, Magnolie, Trandafir;Ananas, Coacaze negre, Fructe rosii, Litchi, Pepene;Escada;Magnetism;https://dpparfum.b-cdn.net/Classic%20Collection/Classic_Coral.jpg;;
E17;Classic;Dama;Intens;Seara;Vanilat;Ambra, Caramel, Lemn de santal, Mosc, Paciuli, Rasina benzoica, Vanilie, Vetiver;Busuioc, Chimion, Floare de migdal, Frezie, Heliotrop, Iris, Lacramioara, Magnolie, Trandafir;Ananas, Coacaze negre, Fructe rosii, Litchi, Pepene;Escada;Magnetism;https://dpparfum.b-cdn.net/Classic%20Collection/Classic_Coral.jpg;;
U1;Classic;Barbati;Moderat;Zi, Seara;Lemnos;Lichen de stejar, Vanilie;Note condimentate, Piper, Vetiver;Ambra, Menta;Paco Rabanne;Ultraviolet Man;https://dpparfum.b-cdn.net/Classic%20Collection/Classic_Green.jpg;;
U1;Classic;Barbati;Moderat;Zi, Seara;Lemnos;Lichen de stejar, Vanilie;Note condimentate, Piper, Vetiver;Ambra, Menta;Paco Rabanne;Ultraviolet Man;https://dpparfum.b-cdn.net/Classic%20Collection/Classic_Green.jpg;;
T5;Classic;Unisex;Intens;Seara;Floral;Ciocolata neagra, Lemn de santal, Paciuli, Tamaie, Vanilie, Vetiver;Lemn de lotus, Note fructate, Orhidee;Bergamota, Coacaze negre, Trufe, Ylang-ylang;Tom Ford;Black Orhid;https://dpparfum.b-cdn.net/Classic%20Collection/Classic_Teal.jpg;;
T5;Classic;Unisex;Intens;Seara;Floral;Ciocolata neagra, Lemn de santal, Paciuli, Tamaie, Vanilie, Vetiver;Lemn de lotus, Note fructate, Orhidee;Bergamota, Coacaze negre, Trufe, Ylang-ylang;Tom Ford;Black Orhid;https://dpparfum.b-cdn.net/Classic%20Collection/Classic_Teal.jpg;;
G11;Classic;Dama;Moderat;Zi;Floral;Boabe de tonka, Lemn de trandafir, Lichen de stejar, Vanilie;Crin, Orhidee, Ylang-ylang;Cimbru, Mandarina, Sofran;Givenchy;Ange ou Demon;https://dpparfum.b-cdn.net/Classic%20Collection/Classic_Teal.jpg;;
G11;Classic;Dama;Moderat;Zi;Floral;Boabe de tonka, Lemn de trandafir, Lichen de stejar, Vanilie;Crin, Orhidee, Ylang-ylang;Cimbru, Mandarina, Sofran;Givenchy;Ange ou Demon;https://dpparfum.b-cdn.net/Classic%20Collection/Classic_Teal.jpg;;
C20;Classic;Dama;Intens;Zi, Seara;Floral;Mosc, Paciuli, Vanilie, Vetiver;Iasomie, Trandafir;Bergamota, Grapefruit, Portocala;Chanel;Coco Mademoiselle;https://dpparfum.b-cdn.net/Classic%20Collection/Classic_Teal.jpg;;
C20;Classic;Dama;Intens;Zi, Seara;Floral;Mosc, Paciuli, Vanilie, Vetiver;Iasomie, Trandafir;Bergamota, Grapefruit, Portocala;Chanel;Coco Mademoiselle;https://dpparfum.b-cdn.net/Classic%20Collection/Classic_Teal.jpg;;
L5;Classic;Barbati;Moderat;Zi;Fougere;Paciuli, Vetiver;Pin;Mar verde;Lacoste;Lacoste Red;https://dpparfum.b-cdn.net/Classic%20Collection/Classic_Green.jpg;;
L5;Classic;Barbati;Moderat;Zi;Fougere;Paciuli, Vetiver;Pin;Mar verde;Lacoste;Lacoste Red;https://dpparfum.b-cdn.net/Classic%20Collection/Classic_Green.jpg;;
P5;Classic;Barbati;Intens;Zi, Seara;Condimentat;Ambra, Note lemnoase, Paciuli, Piele;Note condimentate, Scortisoara, Trandafir;Grapefruit, Mandarina sangerie, Menta;Paco Rabanne;One Million ;https://dpparfum.b-cdn.net/Classic%20Collection/Classic_Coral.jpg;;
P5;Classic;Barbati;Intens;Zi, Seara;Condimentat;Ambra, Note lemnoase, Paciuli, Piele;Note condimentate, Scortisoara, Trandafir;Grapefruit, Mandarina sangerie, Menta;Paco Rabanne;One Million ;https://dpparfum.b-cdn.net/Classic%20Collection/Classic_Coral.jpg;;
P10;Classic;Barbati;Subtil;Zi;Lemnos;Ambra neagra, Lemn de trandafir, Paciuli;Balsam tolu, Cardamom, Scortisoara;Lamaie, Salvie;Paco Rabanne;Black XS;https://dpparfum.b-cdn.net/Classic%20Collection/Classic_Green.jpg;;
P10;Classic;Barbati;Subtil;Zi;Lemnos;Ambra neagra, Lemn de trandafir, Paciuli;Balsam tolu, Cardamom, Scortisoara;Lamaie, Salvie;Paco Rabanne;Black XS;https://dpparfum.b-cdn.net/Classic%20Collection/Classic_Green.jpg;;
C26;Classic;Dama;Moderat;Zi, Seara;Floral;Caramel, Lemn de santal, Mosc alb, Paciuli, Vanilie, Violeta;Gardenie, Muscata, Petale proaspete, Trandafir, Zahar;Bergamota, Mandarina, Piper roz;Carolina Herrera;"Carolina Herrera 212 Sexy 
";https://dpparfum.b-cdn.net/Classic%20Collection/Classic_Teal.jpg;;
C26;Classic;Dama;Moderat;Zi, Seara;Floral;Caramel, Lemn de santal, Mosc alb, Paciuli, Vanilie, Violeta;Gardenie, Muscata, Petale proaspete, Trandafir, Zahar;Bergamota, Mandarina, Piper roz;Carolina Herrera;"Carolina Herrera 212 Sexy 
";https://dpparfum.b-cdn.net/Classic%20Collection/Classic_Teal.jpg;;
B18;Classic;Dama;Moderat;Zi;Lemnos;Cedru, Mosc alb, Vetiver;Ceai alb, Iris;Cedru, Mosc alb, Vetiver;Burberry;Beat;https://dpparfum.b-cdn.net/Classic%20Collection/Classic_Green.jpg;;
B18;Classic;Dama;Moderat;Zi;Lemnos;Cedru, Mosc alb, Vetiver;Ceai alb, Iris;Cedru, Mosc alb, Vetiver;Burberry;Beat;https://dpparfum.b-cdn.net/Classic%20Collection/Classic_Green.jpg;;
G1 ;Classic;Barbati;Intens;Seara;Lemnos;Benzoina, Boabe de tonka, Cedru, Vanilie;Anason, Geranium, Lacramioara, Neroli;Busuioc, Mandarina, Rozmarin, Tarhon;Givenchy;Pi;https://dpparfum.b-cdn.net/Classic%20Collection/Classic_Green.jpg;;
G1 ;Classic;Barbati;Intens;Seara;Lemnos;Benzoina, Boabe de tonka, Cedru, Vanilie;Anason, Geranium, Lacramioara, Neroli;Busuioc, Mandarina, Rozmarin, Tarhon;Givenchy;Pi;https://dpparfum.b-cdn.net/Classic%20Collection/Classic_Green.jpg;;
C6;Classic;Dama;Moderat;Zi;Floral;Boabe de tonka, Cacao, Lemn de santal, Vanilie;Iasomie arabica, Iris, Tuberoza;Cafea, Migdale;Carolina Herrera;Good Girl;https://dpparfum.b-cdn.net/Classic%20Collection/Classic_Teal.jpg;;
C6;Classic;Dama;Moderat;Zi;Floral;Boabe de tonka, Cacao, Lemn de santal, Vanilie;Iasomie arabica, Iris, Tuberoza;Cafea, Migdale;Carolina Herrera;Good Girl;https://dpparfum.b-cdn.net/Classic%20Collection/Classic_Teal.jpg;;
C9;Classic;Dama;Intens;Seara;Floral;Ambra, Lemn de santal, Lichen de stejar, Mosc, Paciuli, Vanilie, Zibeta;Iasomie, Iris, Lacramioara, Trandafir;Aldehide, Bergamota, Lamaie, Neroli, Ylang-ylang;Chanel;Chanel no.5;https://dpparfum.b-cdn.net/Classic%20Collection/Classic_Teal.jpg;;
C9;Classic;Dama;Intens;Seara;Floral;Ambra, Lemn de santal, Lichen de stejar, Mosc, Paciuli, Vanilie, Zibeta;Iasomie, Iris, Lacramioara, Trandafir;Aldehide, Bergamota, Lamaie, Neroli, Ylang-ylang;Chanel;Chanel no.5;https://dpparfum.b-cdn.net/Classic%20Collection/Classic_Teal.jpg;;
B4;Classic;Barbati;Intens;Seara;Condimentat;Cedru, Lemn de santal, Flori de maslin, Vanilie, Vetiver;Garoafa, Lemn de mahon, Scortisoara;Bergamota, Lamaie, Lichen de stejar, Mar verde, Muscata, Pruna;Hugo Boss;Boss;https://dpparfum.b-cdn.net/Classic%20Collection/Classic_Coral.jpg;;
B4;Classic;Barbati;Intens;Seara;Condimentat;Cedru, Lemn de santal, Flori de maslin, Vanilie, Vetiver;Garoafa, Lemn de mahon, Scortisoara;Bergamota, Lamaie, Lichen de stejar, Mar verde, Muscata, Pruna;Hugo Boss;Boss;https://dpparfum.b-cdn.net/Classic%20Collection/Classic_Coral.jpg;;
C7;Classic;Barbati;Intens;Zi, Seara;Oceanic;Ambra, Lemn de guaiac, Lichen de stejar, Paciuli;Frunze de dafin, Iasomie;Grapefruit, Mandarina, Note marine;Paco Rabanne;Invictus;https://dpparfum.b-cdn.net/Classic%20Collection/Classic_Navy.jpg;;
C7;Classic;Barbati;Intens;Zi, Seara;Oceanic;Ambra, Lemn de guaiac, Lichen de stejar, Paciuli;Frunze de dafin, Iasomie;Grapefruit, Mandarina, Note marine;Paco Rabanne;Invictus;https://dpparfum.b-cdn.net/Classic%20Collection/Classic_Navy.jpg;;
C15;Classic;Barbati;Moderat;Zi;Lemnos;Ambra, Note lemnoase, Pielarie;Condimente, Gin, Menta, Vodca;Caviar, Ghimbir, Limeta, Maracuia, Piper;Calvin Klein;212 Vip Men;https://dpparfum.b-cdn.net/Classic%20Collection/Classic_Green.jpg;;
C15;Classic;Barbati;Moderat;Zi;Lemnos;Ambra, Note lemnoase, Pielarie;Condimente, Gin, Menta, Vodca;Caviar, Ghimbir, Limeta, Maracuia, Piper;Calvin Klein;212 Vip Men;https://dpparfum.b-cdn.net/Classic%20Collection/Classic_Green.jpg;;
A1;Classic;Barbati;Intens;Seara;Lemnos;Ambra, Boabe de tonka, Cafea, Lemn de santal, Mosc, Paciuli, Vanilie;Caramel, Cedru, Iasomie, Lacramioara, Lapte, Miere, Paciuli;Bergamota, Condimente, Coriandru, Lavanda, Menta, Note fructate;Thierry Mugler;Angel ;https://dpparfum.b-cdn.net/Classic%20Collection/Classic_Green.jpg;;
A1;Classic;Barbati;Intens;Seara;Lemnos;Ambra, Boabe de tonka, Cafea, Lemn de santal, Mosc, Paciuli, Vanilie;Caramel, Cedru, Iasomie, Lacramioara, Lapte, Miere, Paciuli;Bergamota, Condimente, Coriandru, Lavanda, Menta, Note fructate;Thierry Mugler;Angel ;https://dpparfum.b-cdn.net/Classic%20Collection/Classic_Green.jpg;;
C4;Classic;Unisex;Intens;Zi, Seara;Citric;Cedru, Chihlimbar, Lemn de santal, Mosc, Muschi de stejar;Iasomie, Lacramioara, Nucsoara, Radacina de iris, Trandafir, Violeta;Ananas, Bergamota, Cardamom, Lamaie, Mandarina, Papaya, Tonuri verzi;Calvin Klein;One  ;https://dpparfum.b-cdn.net/Classic%20Collection/Classic_Orange.jpg;;
C4;Classic;Unisex;Intens;Zi, Seara;Citric;Cedru, Chihlimbar, Lemn de santal, Mosc, Muschi de stejar;Iasomie, Lacramioara, Nucsoara, Radacina de iris, Trandafir, Violeta;Ananas, Bergamota, Cardamom, Lamaie, Mandarina, Papaya, Tonuri verzi;Calvin Klein;One  ;https://dpparfum.b-cdn.net/Classic%20Collection/Classic_Orange.jpg;;
C32;Classic;Dama;Moderat;Zi;Vanilat;Boabe de tonka, Vanilie;Gardenie, Mosc;Maracuia, Rom;Carolina Herrera;212;https://dpparfum.b-cdn.net/Classic%20Collection/Classic_Coral.jpg;;
C32;Classic;Dama;Moderat;Zi;Vanilat;Boabe de tonka, Vanilie;Gardenie, Mosc;Maracuia, Rom;Carolina Herrera;212;https://dpparfum.b-cdn.net/Classic%20Collection/Classic_Coral.jpg;;
A9;Classic;Barbati;Intens;Zi, Seara;Oriental;Vanilie, Tonka, Castane Glasate;Lavanda, Scortisoara, Salvie;Piper roz, Ienupar;Armani;Stronger with you Intensly;https://dpparfum.b-cdn.net/Classic%20Collection/Classic_Teal.jpg;;
A9;Classic;Barbati;Intens;Zi, Seara;Oriental;;;;Armani;Stronger with you Intensly;https://dpparfum.b-cdn.net/Classic%20Collection/Classic_Teal.jpg;;
